scene_id	family	gen_prompt	train_prompt	expected_count	subject_type	gate
kitchen_cards_trio	static	Three friends in their thirties — a Black woman with long box braids, a slim South Asian man in glasses, and a stocky white man with a beard seated around a wooden table in a sunlit kitchen, playing cards spread between them. Eye-level long take. Midway through the shot, the three friends turn their faces toward the viewer and warmly wave hello with bright smiles. These are the only people in the scene; the surroundings are open and calm. They hold a relaxed photo pose, bodies settled and steady, gesturing with their hands. Photoreal, natural lighting.	Three friends in their thirties — a Black woman with long box braids, a slim South Asian man in glasses, and a stocky white man with a beard seated around a wooden table in a sunlit kitchen, playing cards spread between them. Eye-level long take. Midway through the shot, the three friends turn their faces toward the viewer and warmly wave hello with bright smiles. These are the only people in the scene; the surroundings are open and calm. They hold a relaxed photo pose, bodies settled and steady, gesturing with their hands. Photoreal, natural lighting.	3	human	person
kitchen_cards_trio	pan_left	Three friends in their thirties — a Black woman with long box braids, a slim South Asian man in glasses, and a stocky white man with a beard seated around a wooden table in a sunlit kitchen, playing cards spread between them. Eye-level long take with a panning sweep from right to left. Midway through the shot, the three friends turn their faces toward the viewer and warmly wave hello with bright smiles. These are the only people in the scene; the surroundings are open and calm. They hold a relaxed photo pose, bodies settled and steady, gesturing with their hands. Photoreal, natural lighting.	Three friends in their thirties — a Black woman with long box braids, a slim South Asian man in glasses, and a stocky white man with a beard seated around a wooden table in a sunlit kitchen, playing cards spread between them. Eye-level long take. Midway through the shot, the three friends turn their faces toward the viewer and warmly wave hello with bright smiles. These are the only people in the scene; the surroundings are open and calm. They hold a relaxed photo pose, bodies settled and steady, gesturing with their hands. Photoreal, natural lighting.	3	human	person
kitchen_cards_trio	pan_right	Three friends in their thirties — a Black woman with long box braids, a slim South Asian man in glasses, and a stocky white man with a beard seated around a wooden table in a sunlit kitchen, playing cards spread between them. Eye-level long take with a panning sweep from left to right. Midway through the shot, the three friends turn their faces toward the viewer and warmly wave hello with bright smiles. These are the only people in the scene; the surroundings are open and calm. They hold a relaxed photo pose, bodies settled and steady, gesturing with their hands. Photoreal, natural lighting.	Three friends in their thirties — a Black woman with long box braids, a slim South Asian man in glasses, and a stocky white man with a beard seated around a wooden table in a sunlit kitchen, playing cards spread between them. Eye-level long take. Midway through the shot, the three friends turn their faces toward the viewer and warmly wave hello with bright smiles. These are the only people in the scene; the surroundings are open and calm. They hold a relaxed photo pose, bodies settled and steady, gesturing with their hands. Photoreal, natural lighting.	3	human	person
kitchen_cards_trio	dolly	Three friends in their thirties — a Black woman with long box braids, a slim South Asian man in glasses, and a stocky white man with a beard seated around a wooden table in a sunlit kitchen, playing cards spread between them. Eye-level long take with a forward dolly, advancing through the scene toward the subject. Midway through the shot, the three friends turn their faces toward the viewer and warmly wave hello with bright smiles. These are the only people in the scene; the surroundings are open and calm. They hold a relaxed photo pose, bodies settled and steady, gesturing with their hands. Photoreal, natural lighting.	Three friends in their thirties — a Black woman with long box braids, a slim South Asian man in glasses, and a stocky white man with a beard seated around a wooden table in a sunlit kitchen, playing cards spread between them. Eye-level long take. Midway through the shot, the three friends turn their faces toward the viewer and warmly wave hello with bright smiles. These are the only people in the scene; the surroundings are open and calm. They hold a relaxed photo pose, bodies settled and steady, gesturing with their hands. Photoreal, natural lighting.	3	human	person
kitchen_cards_trio	orbit_left	Three friends in their thirties — a Black woman with long box braids, a slim South Asian man in glasses, and a stocky white man with a beard seated around a wooden table in a sunlit kitchen, playing cards spread between them. Eye-level long take with a side arc moving to the left around the subject. Midway through the shot, the three friends turn their faces toward the viewer and warmly wave hello with bright smiles. These are the only people in the scene; the surroundings are open and calm. They hold a relaxed photo pose, bodies settled and steady, gesturing with their hands. Photoreal, natural lighting.	Three friends in their thirties — a Black woman with long box braids, a slim South Asian man in glasses, and a stocky white man with a beard seated around a wooden table in a sunlit kitchen, playing cards spread between them. Eye-level long take. Midway through the shot, the three friends turn their faces toward the viewer and warmly wave hello with bright smiles. These are the only people in the scene; the surroundings are open and calm. They hold a relaxed photo pose, bodies settled and steady, gesturing with their hands. Photoreal, natural lighting.	3	human	person
kitchen_cards_trio	orbit_right	Three friends in their thirties — a Black woman with long box braids, a slim South Asian man in glasses, and a stocky white man with a beard seated around a wooden table in a sunlit kitchen, playing cards spread between them. Eye-level long take with a side arc moving to the right around the subject. Midway through the shot, the three friends turn their faces toward the viewer and warmly wave hello with bright smiles. These are the only people in the scene; the surroundings are open and calm. They hold a relaxed photo pose, bodies settled and steady, gesturing with their hands. Photoreal, natural lighting.	Three friends in their thirties — a Black woman with long box braids, a slim South Asian man in glasses, and a stocky white man with a beard seated around a wooden table in a sunlit kitchen, playing cards spread between them. Eye-level long take. Midway through the shot, the three friends turn their faces toward the viewer and warmly wave hello with bright smiles. These are the only people in the scene; the surroundings are open and calm. They hold a relaxed photo pose, bodies settled and steady, gesturing with their hands. Photoreal, natural lighting.	3	human	person
street_skaters_trio	static	Three young skateboarders — a freckled boy, a Latino boy in a beanie, and a girl with green-dyed hair sitting close together on a low curb on a quiet, empty graffiti-painted street corner, skateboards across their laps. Eye-level long take. Midway through the shot, the three skaters turn to the viewer and flash a peace sign with grins. These are the only people in the scene; the surroundings are open and calm. They hold a relaxed photo pose, bodies settled and steady, gesturing with their hands. Photoreal, natural lighting.	Three young skateboarders — a freckled boy, a Latino boy in a beanie, and a girl with green-dyed hair sitting close together on a low curb on a quiet, empty graffiti-painted street corner, skateboards across their laps. Eye-level long take. Midway through the shot, the three skaters turn to the viewer and flash a peace sign with grins. These are the only people in the scene; the surroundings are open and calm. They hold a relaxed photo pose, bodies settled and steady, gesturing with their hands. Photoreal, natural lighting.	3	human	person
street_skaters_trio	pan_left	Three young skateboarders — a freckled boy, a Latino boy in a beanie, and a girl with green-dyed hair sitting close together on a low curb on a quiet, empty graffiti-painted street corner, skateboards across their laps. Eye-level long take with a panning sweep from right to left. Midway through the shot, the three skaters turn to the viewer and flash a peace sign with grins. These are the only people in the scene; the surroundings are open and calm. They hold a relaxed photo pose, bodies settled and steady, gesturing with their hands. Photoreal, natural lighting.	Three young skateboarders — a freckled boy, a Latino boy in a beanie, and a girl with green-dyed hair sitting close together on a low curb on a quiet, empty graffiti-painted street corner, skateboards across their laps. Eye-level long take. Midway through the shot, the three skaters turn to the viewer and flash a peace sign with grins. These are the only people in the scene; the surroundings are open and calm. They hold a relaxed photo pose, bodies settled and steady, gesturing with their hands. Photoreal, natural lighting.	3	human	person
street_skaters_trio	pan_right	Three young skateboarders — a freckled boy, a Latino boy in a beanie, and a girl with green-dyed hair sitting close together on a low curb on a quiet, empty graffiti-painted street corner, skateboards across their laps. Eye-level long take with a panning sweep from left to right. Midway through the shot, the three skaters turn to the viewer and flash a peace sign with grins. These are the only people in the scene; the surroundings are open and calm. They hold a relaxed photo pose, bodies settled and steady, gesturing with their hands. Photoreal, natural lighting.	Three young skateboarders — a freckled boy, a Latino boy in a beanie, and a girl with green-dyed hair sitting close together on a low curb on a quiet, empty graffiti-painted street corner, skateboards across their laps. Eye-level long take. Midway through the shot, the three skaters turn to the viewer and flash a peace sign with grins. These are the only people in the scene; the surroundings are open and calm. They hold a relaxed photo pose, bodies settled and steady, gesturing with their hands. Photoreal, natural lighting.	3	human	person
street_skaters_trio	dolly	Three young skateboarders — a freckled boy, a Latino boy in a beanie, and a girl with green-dyed hair sitting close together on a low curb on a quiet, empty graffiti-painted street corner, skateboards across their laps. Eye-level long take with a forward dolly, advancing through the scene toward the subject. Midway through the shot, the three skaters turn to the viewer and flash a peace sign with grins. These are the only people in the scene; the surroundings are open and calm. They hold a relaxed photo pose, bodies settled and steady, gesturing with their hands. Photoreal, natural lighting.	Three young skateboarders — a freckled boy, a Latino boy in a beanie, and a girl with green-dyed hair sitting close together on a low curb on a quiet, empty graffiti-painted street corner, skateboards across their laps. Eye-level long take. Midway through the shot, the three skaters turn to the viewer and flash a peace sign with grins. These are the only people in the scene; the surroundings are open and calm. They hold a relaxed photo pose, bodies settled and steady, gesturing with their hands. Photoreal, natural lighting.	3	human	person
street_skaters_trio	orbit_left	Three young skateboarders — a freckled boy, a Latino boy in a beanie, and a girl with green-dyed hair sitting close together on a low curb on a quiet, empty graffiti-painted street corner, skateboards across their laps. Eye-level long take with a side arc moving to the left around the subject. Midway through the shot, the three skaters turn to the viewer and flash a peace sign with grins. These are the only people in the scene; the surroundings are open and calm. They hold a relaxed photo pose, bodies settled and steady, gesturing with their hands. Photoreal, natural lighting.	Three young skateboarders — a freckled boy, a Latino boy in a beanie, and a girl with green-dyed hair sitting close together on a low curb on a quiet, empty graffiti-painted street corner, skateboards across their laps. Eye-level long take. Midway through the shot, the three skaters turn to the viewer and flash a peace sign with grins. These are the only people in the scene; the surroundings are open and calm. They hold a relaxed photo pose, bodies settled and steady, gesturing with their hands. Photoreal, natural lighting.	3	human	person
street_skaters_trio	orbit_right	Three young skateboarders — a freckled boy, a Latino boy in a beanie, and a girl with green-dyed hair sitting close together on a low curb on a quiet, empty graffiti-painted street corner, skateboards across their laps. Eye-level long take with a side arc moving to the right around the subject. Midway through the shot, the three skaters turn to the viewer and flash a peace sign with grins. These are the only people in the scene; the surroundings are open and calm. They hold a relaxed photo pose, bodies settled and steady, gesturing with their hands. Photoreal, natural lighting.	Three young skateboarders — a freckled boy, a Latino boy in a beanie, and a girl with green-dyed hair sitting close together on a low curb on a quiet, empty graffiti-painted street corner, skateboards across their laps. Eye-level long take. Midway through the shot, the three skaters turn to the viewer and flash a peace sign with grins. These are the only people in the scene; the surroundings are open and calm. They hold a relaxed photo pose, bodies settled and steady, gesturing with their hands. Photoreal, natural lighting.	3	human	person
office_breakroom_trio	static	Three coworkers — a tall Black man in a dress shirt, a petite East Asian woman with a bob, and an older white man in suspenders gathered around the counter of a bright, empty office breakroom holding coffee mugs. Eye-level long take. Midway through the shot, the three coworkers turn to the viewer and give an enthusiastic thumbs-up. These are the only people in the scene; the surroundings are open and calm. They hold a relaxed photo pose, bodies settled and steady, gesturing with their hands. Photoreal, natural lighting.	Three coworkers — a tall Black man in a dress shirt, a petite East Asian woman with a bob, and an older white man in suspenders gathered around the counter of a bright, empty office breakroom holding coffee mugs. Eye-level long take. Midway through the shot, the three coworkers turn to the viewer and give an enthusiastic thumbs-up. These are the only people in the scene; the surroundings are open and calm. They hold a relaxed photo pose, bodies settled and steady, gesturing with their hands. Photoreal, natural lighting.	3	human	person
office_breakroom_trio	pan_left	Three coworkers — a tall Black man in a dress shirt, a petite East Asian woman with a bob, and an older white man in suspenders gathered around the counter of a bright, empty office breakroom holding coffee mugs. Eye-level long take with a panning sweep from right to left. Midway through the shot, the three coworkers turn to the viewer and give an enthusiastic thumbs-up. These are the only people in the scene; the surroundings are open and calm. They hold a relaxed photo pose, bodies settled and steady, gesturing with their hands. Photoreal, natural lighting.	Three coworkers — a tall Black man in a dress shirt, a petite East Asian woman with a bob, and an older white man in suspenders gathered around the counter of a bright, empty office breakroom holding coffee mugs. Eye-level long take. Midway through the shot, the three coworkers turn to the viewer and give an enthusiastic thumbs-up. These are the only people in the scene; the surroundings are open and calm. They hold a relaxed photo pose, bodies settled and steady, gesturing with their hands. Photoreal, natural lighting.	3	human	person
office_breakroom_trio	pan_right	Three coworkers — a tall Black man in a dress shirt, a petite East Asian woman with a bob, and an older white man in suspenders gathered around the counter of a bright, empty office breakroom holding coffee mugs. Eye-level long take with a panning sweep from left to right. Midway through the shot, the three coworkers turn to the viewer and give an enthusiastic thumbs-up. These are the only people in the scene; the surroundings are open and calm. They hold a relaxed photo pose, bodies settled and steady, gesturing with their hands. Photoreal, natural lighting.	Three coworkers — a tall Black man in a dress shirt, a petite East Asian woman with a bob, and an older white man in suspenders gathered around the counter of a bright, empty office breakroom holding coffee mugs. Eye-level long take. Midway through the shot, the three coworkers turn to the viewer and give an enthusiastic thumbs-up. These are the only people in the scene; the surroundings are open and calm. They hold a relaxed photo pose, bodies settled and steady, gesturing with their hands. Photoreal, natural lighting.	3	human	person
office_breakroom_trio	dolly	Three coworkers — a tall Black man in a dress shirt, a petite East Asian woman with a bob, and an older white man in suspenders gathered around the counter of a bright, empty office breakroom holding coffee mugs. Eye-level long take with a forward dolly, advancing through the scene toward the subject. Midway through the shot, the three coworkers turn to the viewer and give an enthusiastic thumbs-up. These are the only people in the scene; the surroundings are open and calm. They hold a relaxed photo pose, bodies settled and steady, gesturing with their hands. Photoreal, natural lighting.	Three coworkers — a tall Black man in a dress shirt, a petite East Asian woman with a bob, and an older white man in suspenders gathered around the counter of a bright, empty office breakroom holding coffee mugs. Eye-level long take. Midway through the shot, the three coworkers turn to the viewer and give an enthusiastic thumbs-up. These are the only people in the scene; the surroundings are open and calm. They hold a relaxed photo pose, bodies settled and steady, gesturing with their hands. Photoreal, natural lighting.	3	human	person
office_breakroom_trio	orbit_left	Three coworkers — a tall Black man in a dress shirt, a petite East Asian woman with a bob, and an older white man in suspenders gathered around the counter of a bright, empty office breakroom holding coffee mugs. Eye-level long take with a side arc moving to the left around the subject. Midway through the shot, the three coworkers turn to the viewer and give an enthusiastic thumbs-up. These are the only people in the scene; the surroundings are open and calm. They hold a relaxed photo pose, bodies settled and steady, gesturing with their hands. Photoreal, natural lighting.	Three coworkers — a tall Black man in a dress shirt, a petite East Asian woman with a bob, and an older white man in suspenders gathered around the counter of a bright, empty office breakroom holding coffee mugs. Eye-level long take. Midway through the shot, the three coworkers turn to the viewer and give an enthusiastic thumbs-up. These are the only people in the scene; the surroundings are open and calm. They hold a relaxed photo pose, bodies settled and steady, gesturing with their hands. Photoreal, natural lighting.	3	human	person
office_breakroom_trio	orbit_right	Three coworkers — a tall Black man in a dress shirt, a petite East Asian woman with a bob, and an older white man in suspenders gathered around the counter of a bright, empty office breakroom holding coffee mugs. Eye-level long take with a side arc moving to the right around the subject. Midway through the shot, the three coworkers turn to the viewer and give an enthusiastic thumbs-up. These are the only people in the scene; the surroundings are open and calm. They hold a relaxed photo pose, bodies settled and steady, gesturing with their hands. Photoreal, natural lighting.	Three coworkers — a tall Black man in a dress shirt, a petite East Asian woman with a bob, and an older white man in suspenders gathered around the counter of a bright, empty office breakroom holding coffee mugs. Eye-level long take. Midway through the shot, the three coworkers turn to the viewer and give an enthusiastic thumbs-up. These are the only people in the scene; the surroundings are open and calm. They hold a relaxed photo pose, bodies settled and steady, gesturing with their hands. Photoreal, natural lighting.	3	human	person
basketball_court_trio	static	Three teenagers in basketball jerseys, one tall and Black, one short and Filipino, one redheaded and freckled standing on an empty outdoor basketball court holding a ball. Eye-level long take. Midway through the shot, the three players turn to the viewer and pump their fists in the air, cheering. These are the only people in the scene; the surroundings are open and calm. They hold a relaxed photo pose, bodies settled and steady, gesturing with their hands. Photoreal, natural lighting.	Three teenagers in basketball jerseys, one tall and Black, one short and Filipino, one redheaded and freckled standing on an empty outdoor basketball court holding a ball. Eye-level long take. Midway through the shot, the three players turn to the viewer and pump their fists in the air, cheering. These are the only people in the scene; the surroundings are open and calm. They hold a relaxed photo pose, bodies settled and steady, gesturing with their hands. Photoreal, natural lighting.	3	human	person
basketball_court_trio	pan_left	Three teenagers in basketball jerseys, one tall and Black, one short and Filipino, one redheaded and freckled standing on an empty outdoor basketball court holding a ball. Eye-level long take with a panning sweep from right to left. Midway through the shot, the three players turn to the viewer and pump their fists in the air, cheering. These are the only people in the scene; the surroundings are open and calm. They hold a relaxed photo pose, bodies settled and steady, gesturing with their hands. Photoreal, natural lighting.	Three teenagers in basketball jerseys, one tall and Black, one short and Filipino, one redheaded and freckled standing on an empty outdoor basketball court holding a ball. Eye-level long take. Midway through the shot, the three players turn to the viewer and pump their fists in the air, cheering. These are the only people in the scene; the surroundings are open and calm. They hold a relaxed photo pose, bodies settled and steady, gesturing with their hands. Photoreal, natural lighting.	3	human	person
basketball_court_trio	pan_right	Three teenagers in basketball jerseys, one tall and Black, one short and Filipino, one redheaded and freckled standing on an empty outdoor basketball court holding a ball. Eye-level long take with a panning sweep from left to right. Midway through the shot, the three players turn to the viewer and pump their fists in the air, cheering. These are the only people in the scene; the surroundings are open and calm. They hold a relaxed photo pose, bodies settled and steady, gesturing with their hands. Photoreal, natural lighting.	Three teenagers in basketball jerseys, one tall and Black, one short and Filipino, one redheaded and freckled standing on an empty outdoor basketball court holding a ball. Eye-level long take. Midway through the shot, the three players turn to the viewer and pump their fists in the air, cheering. These are the only people in the scene; the surroundings are open and calm. They hold a relaxed photo pose, bodies settled and steady, gesturing with their hands. Photoreal, natural lighting.	3	human	person
basketball_court_trio	dolly	Three teenagers in basketball jerseys, one tall and Black, one short and Filipino, one redheaded and freckled standing on an empty outdoor basketball court holding a ball. Eye-level long take with a forward dolly, advancing through the scene toward the subject. Midway through the shot, the three players turn to the viewer and pump their fists in the air, cheering. These are the only people in the scene; the surroundings are open and calm. They hold a relaxed photo pose, bodies settled and steady, gesturing with their hands. Photoreal, natural lighting.	Three teenagers in basketball jerseys, one tall and Black, one short and Filipino, one redheaded and freckled standing on an empty outdoor basketball court holding a ball. Eye-level long take. Midway through the shot, the three players turn to the viewer and pump their fists in the air, cheering. These are the only people in the scene; the surroundings are open and calm. They hold a relaxed photo pose, bodies settled and steady, gesturing with their hands. Photoreal, natural lighting.	3	human	person
basketball_court_trio	orbit_left	Three teenagers in basketball jerseys, one tall and Black, one short and Filipino, one redheaded and freckled standing on an empty outdoor basketball court holding a ball. Eye-level long take with a side arc moving to the left around the subject. Midway through the shot, the three players turn to the viewer and pump their fists in the air, cheering. These are the only people in the scene; the surroundings are open and calm. They hold a relaxed photo pose, bodies settled and steady, gesturing with their hands. Photoreal, natural lighting.	Three teenagers in basketball jerseys, one tall and Black, one short and Filipino, one redheaded and freckled standing on an empty outdoor basketball court holding a ball. Eye-level long take. Midway through the shot, the three players turn to the viewer and pump their fists in the air, cheering. These are the only people in the scene; the surroundings are open and calm. They hold a relaxed photo pose, bodies settled and steady, gesturing with their hands. Photoreal, natural lighting.	3	human	person
basketball_court_trio	orbit_right	Three teenagers in basketball jerseys, one tall and Black, one short and Filipino, one redheaded and freckled standing on an empty outdoor basketball court holding a ball. Eye-level long take with a side arc moving to the right around the subject. Midway through the shot, the three players turn to the viewer and pump their fists in the air, cheering. These are the only people in the scene; the surroundings are open and calm. They hold a relaxed photo pose, bodies settled and steady, gesturing with their hands. Photoreal, natural lighting.	Three teenagers in basketball jerseys, one tall and Black, one short and Filipino, one redheaded and freckled standing on an empty outdoor basketball court holding a ball. Eye-level long take. Midway through the shot, the three players turn to the viewer and pump their fists in the air, cheering. These are the only people in the scene; the surroundings are open and calm. They hold a relaxed photo pose, bodies settled and steady, gesturing with their hands. Photoreal, natural lighting.	3	human	person
backyard_bbq_trio	static	Three neighbors — a burly bald man holding a spatula, a curvy Latina woman with hoop earrings, and a slim older Indian man standing around a smoking grill in a suburban backyard. Eye-level long take. Midway through the shot, the three neighbors turn to the viewer and clap warmly in greeting. These are the only people in the scene; the surroundings are open and calm. They hold a relaxed photo pose, bodies settled and steady, gesturing with their hands. Photoreal, natural lighting.	Three neighbors — a burly bald man holding a spatula, a curvy Latina woman with hoop earrings, and a slim older Indian man standing around a smoking grill in a suburban backyard. Eye-level long take. Midway through the shot, the three neighbors turn to the viewer and clap warmly in greeting. These are the only people in the scene; the surroundings are open and calm. They hold a relaxed photo pose, bodies settled and steady, gesturing with their hands. Photoreal, natural lighting.	3	human	person
backyard_bbq_trio	pan_left	Three neighbors — a burly bald man holding a spatula, a curvy Latina woman with hoop earrings, and a slim older Indian man standing around a smoking grill in a suburban backyard. Eye-level long take with a panning sweep from right to left. Midway through the shot, the three neighbors turn to the viewer and clap warmly in greeting. These are the only people in the scene; the surroundings are open and calm. They hold a relaxed photo pose, bodies settled and steady, gesturing with their hands. Photoreal, natural lighting.	Three neighbors — a burly bald man holding a spatula, a curvy Latina woman with hoop earrings, and a slim older Indian man standing around a smoking grill in a suburban backyard. Eye-level long take. Midway through the shot, the three neighbors turn to the viewer and clap warmly in greeting. These are the only people in the scene; the surroundings are open and calm. They hold a relaxed photo pose, bodies settled and steady, gesturing with their hands. Photoreal, natural lighting.	3	human	person
backyard_bbq_trio	pan_right	Three neighbors — a burly bald man holding a spatula, a curvy Latina woman with hoop earrings, and a slim older Indian man standing around a smoking grill in a suburban backyard. Eye-level long take with a panning sweep from left to right. Midway through the shot, the three neighbors turn to the viewer and clap warmly in greeting. These are the only people in the scene; the surroundings are open and calm. They hold a relaxed photo pose, bodies settled and steady, gesturing with their hands. Photoreal, natural lighting.	Three neighbors — a burly bald man holding a spatula, a curvy Latina woman with hoop earrings, and a slim older Indian man standing around a smoking grill in a suburban backyard. Eye-level long take. Midway through the shot, the three neighbors turn to the viewer and clap warmly in greeting. These are the only people in the scene; the surroundings are open and calm. They hold a relaxed photo pose, bodies settled and steady, gesturing with their hands. Photoreal, natural lighting.	3	human	person
backyard_bbq_trio	dolly	Three neighbors — a burly bald man holding a spatula, a curvy Latina woman with hoop earrings, and a slim older Indian man standing around a smoking grill in a suburban backyard. Eye-level long take with a forward dolly, advancing through the scene toward the subject. Midway through the shot, the three neighbors turn to the viewer and clap warmly in greeting. These are the only people in the scene; the surroundings are open and calm. They hold a relaxed photo pose, bodies settled and steady, gesturing with their hands. Photoreal, natural lighting.	Three neighbors — a burly bald man holding a spatula, a curvy Latina woman with hoop earrings, and a slim older Indian man standing around a smoking grill in a suburban backyard. Eye-level long take. Midway through the shot, the three neighbors turn to the viewer and clap warmly in greeting. These are the only people in the scene; the surroundings are open and calm. They hold a relaxed photo pose, bodies settled and steady, gesturing with their hands. Photoreal, natural lighting.	3	human	person
backyard_bbq_trio	orbit_left	Three neighbors — a burly bald man holding a spatula, a curvy Latina woman with hoop earrings, and a slim older Indian man standing around a smoking grill in a suburban backyard. Eye-level long take with a side arc moving to the left around the subject. Midway through the shot, the three neighbors turn to the viewer and clap warmly in greeting. These are the only people in the scene; the surroundings are open and calm. They hold a relaxed photo pose, bodies settled and steady, gesturing with their hands. Photoreal, natural lighting.	Three neighbors — a burly bald man holding a spatula, a curvy Latina woman with hoop earrings, and a slim older Indian man standing around a smoking grill in a suburban backyard. Eye-level long take. Midway through the shot, the three neighbors turn to the viewer and clap warmly in greeting. These are the only people in the scene; the surroundings are open and calm. They hold a relaxed photo pose, bodies settled and steady, gesturing with their hands. Photoreal, natural lighting.	3	human	person
backyard_bbq_trio	orbit_right	Three neighbors — a burly bald man holding a spatula, a curvy Latina woman with hoop earrings, and a slim older Indian man standing around a smoking grill in a suburban backyard. Eye-level long take with a side arc moving to the right around the subject. Midway through the shot, the three neighbors turn to the viewer and clap warmly in greeting. These are the only people in the scene; the surroundings are open and calm. They hold a relaxed photo pose, bodies settled and steady, gesturing with their hands. Photoreal, natural lighting.	Three neighbors — a burly bald man holding a spatula, a curvy Latina woman with hoop earrings, and a slim older Indian man standing around a smoking grill in a suburban backyard. Eye-level long take. Midway through the shot, the three neighbors turn to the viewer and clap warmly in greeting. These are the only people in the scene; the surroundings are open and calm. They hold a relaxed photo pose, bodies settled and steady, gesturing with their hands. Photoreal, natural lighting.	3	human	person
university_quad_trio	static	Three students — a Black man in glasses, a young woman in a hijab, and a punk with a mohawk lounging on the grass of a near-empty university quad with backpacks beside them. Eye-level long take. Midway through the shot, the three students turn to the viewer and shrug with wry smiles. These are the only people in the scene; the surroundings are open and calm. They hold a relaxed photo pose, bodies settled and steady, gesturing with their hands. Photoreal, natural lighting.	Three students — a Black man in glasses, a young woman in a hijab, and a punk with a mohawk lounging on the grass of a near-empty university quad with backpacks beside them. Eye-level long take. Midway through the shot, the three students turn to the viewer and shrug with wry smiles. These are the only people in the scene; the surroundings are open and calm. They hold a relaxed photo pose, bodies settled and steady, gesturing with their hands. Photoreal, natural lighting.	3	human	person
university_quad_trio	pan_left	Three students — a Black man in glasses, a young woman in a hijab, and a punk with a mohawk lounging on the grass of a near-empty university quad with backpacks beside them. Eye-level long take with a panning sweep from right to left. Midway through the shot, the three students turn to the viewer and shrug with wry smiles. These are the only people in the scene; the surroundings are open and calm. They hold a relaxed photo pose, bodies settled and steady, gesturing with their hands. Photoreal, natural lighting.	Three students — a Black man in glasses, a young woman in a hijab, and a punk with a mohawk lounging on the grass of a near-empty university quad with backpacks beside them. Eye-level long take. Midway through the shot, the three students turn to the viewer and shrug with wry smiles. These are the only people in the scene; the surroundings are open and calm. They hold a relaxed photo pose, bodies settled and steady, gesturing with their hands. Photoreal, natural lighting.	3	human	person
university_quad_trio	pan_right	Three students — a Black man in glasses, a young woman in a hijab, and a punk with a mohawk lounging on the grass of a near-empty university quad with backpacks beside them. Eye-level long take with a panning sweep from left to right. Midway through the shot, the three students turn to the viewer and shrug with wry smiles. These are the only people in the scene; the surroundings are open and calm. They hold a relaxed photo pose, bodies settled and steady, gesturing with their hands. Photoreal, natural lighting.	Three students — a Black man in glasses, a young woman in a hijab, and a punk with a mohawk lounging on the grass of a near-empty university quad with backpacks beside them. Eye-level long take. Midway through the shot, the three students turn to the viewer and shrug with wry smiles. These are the only people in the scene; the surroundings are open and calm. They hold a relaxed photo pose, bodies settled and steady, gesturing with their hands. Photoreal, natural lighting.	3	human	person
university_quad_trio	dolly	Three students — a Black man in glasses, a young woman in a hijab, and a punk with a mohawk lounging on the grass of a near-empty university quad with backpacks beside them. Eye-level long take with a forward dolly, advancing through the scene toward the subject. Midway through the shot, the three students turn to the viewer and shrug with wry smiles. These are the only people in the scene; the surroundings are open and calm. They hold a relaxed photo pose, bodies settled and steady, gesturing with their hands. Photoreal, natural lighting.	Three students — a Black man in glasses, a young woman in a hijab, and a punk with a mohawk lounging on the grass of a near-empty university quad with backpacks beside them. Eye-level long take. Midway through the shot, the three students turn to the viewer and shrug with wry smiles. These are the only people in the scene; the surroundings are open and calm. They hold a relaxed photo pose, bodies settled and steady, gesturing with their hands. Photoreal, natural lighting.	3	human	person
university_quad_trio	orbit_left	Three students — a Black man in glasses, a young woman in a hijab, and a punk with a mohawk lounging on the grass of a near-empty university quad with backpacks beside them. Eye-level long take with a side arc moving to the left around the subject. Midway through the shot, the three students turn to the viewer and shrug with wry smiles. These are the only people in the scene; the surroundings are open and calm. They hold a relaxed photo pose, bodies settled and steady, gesturing with their hands. Photoreal, natural lighting.	Three students — a Black man in glasses, a young woman in a hijab, and a punk with a mohawk lounging on the grass of a near-empty university quad with backpacks beside them. Eye-level long take. Midway through the shot, the three students turn to the viewer and shrug with wry smiles. These are the only people in the scene; the surroundings are open and calm. They hold a relaxed photo pose, bodies settled and steady, gesturing with their hands. Photoreal, natural lighting.	3	human	person
university_quad_trio	orbit_right	Three students — a Black man in glasses, a young woman in a hijab, and a punk with a mohawk lounging on the grass of a near-empty university quad with backpacks beside them. Eye-level long take with a side arc moving to the right around the subject. Midway through the shot, the three students turn to the viewer and shrug with wry smiles. These are the only people in the scene; the surroundings are open and calm. They hold a relaxed photo pose, bodies settled and steady, gesturing with their hands. Photoreal, natural lighting.	Three students — a Black man in glasses, a young woman in a hijab, and a punk with a mohawk lounging on the grass of a near-empty university quad with backpacks beside them. Eye-level long take. Midway through the shot, the three students turn to the viewer and shrug with wry smiles. These are the only people in the scene; the surroundings are open and calm. They hold a relaxed photo pose, bodies settled and steady, gesturing with their hands. Photoreal, natural lighting.	3	human	person
rooftop_garden_trio	static	Three urban gardeners — a tall Scandinavian woman, a short Latino man, and a bearded hipster tending potted plants on a green rooftop garden, the city skyline behind them. Eye-level long take. Midway through the shot, the three gardeners turn to the viewer and form heart shapes with their hands. These are the only people in the scene; the surroundings are open and calm. They hold a relaxed photo pose, bodies settled and steady, gesturing with their hands. Photoreal, natural lighting.	Three urban gardeners — a tall Scandinavian woman, a short Latino man, and a bearded hipster tending potted plants on a green rooftop garden, the city skyline behind them. Eye-level long take. Midway through the shot, the three gardeners turn to the viewer and form heart shapes with their hands. These are the only people in the scene; the surroundings are open and calm. They hold a relaxed photo pose, bodies settled and steady, gesturing with their hands. Photoreal, natural lighting.	3	human	person
rooftop_garden_trio	pan_left	Three urban gardeners — a tall Scandinavian woman, a short Latino man, and a bearded hipster tending potted plants on a green rooftop garden, the city skyline behind them. Eye-level long take with a panning sweep from right to left. Midway through the shot, the three gardeners turn to the viewer and form heart shapes with their hands. These are the only people in the scene; the surroundings are open and calm. They hold a relaxed photo pose, bodies settled and steady, gesturing with their hands. Photoreal, natural lighting.	Three urban gardeners — a tall Scandinavian woman, a short Latino man, and a bearded hipster tending potted plants on a green rooftop garden, the city skyline behind them. Eye-level long take. Midway through the shot, the three gardeners turn to the viewer and form heart shapes with their hands. These are the only people in the scene; the surroundings are open and calm. They hold a relaxed photo pose, bodies settled and steady, gesturing with their hands. Photoreal, natural lighting.	3	human	person
rooftop_garden_trio	pan_right	Three urban gardeners — a tall Scandinavian woman, a short Latino man, and a bearded hipster tending potted plants on a green rooftop garden, the city skyline behind them. Eye-level long take with a panning sweep from left to right. Midway through the shot, the three gardeners turn to the viewer and form heart shapes with their hands. These are the only people in the scene; the surroundings are open and calm. They hold a relaxed photo pose, bodies settled and steady, gesturing with their hands. Photoreal, natural lighting.	Three urban gardeners — a tall Scandinavian woman, a short Latino man, and a bearded hipster tending potted plants on a green rooftop garden, the city skyline behind them. Eye-level long take. Midway through the shot, the three gardeners turn to the viewer and form heart shapes with their hands. These are the only people in the scene; the surroundings are open and calm. They hold a relaxed photo pose, bodies settled and steady, gesturing with their hands. Photoreal, natural lighting.	3	human	person
rooftop_garden_trio	dolly	Three urban gardeners — a tall Scandinavian woman, a short Latino man, and a bearded hipster tending potted plants on a green rooftop garden, the city skyline behind them. Eye-level long take with a forward dolly, advancing through the scene toward the subject. Midway through the shot, the three gardeners turn to the viewer and form heart shapes with their hands. These are the only people in the scene; the surroundings are open and calm. They hold a relaxed photo pose, bodies settled and steady, gesturing with their hands. Photoreal, natural lighting.	Three urban gardeners — a tall Scandinavian woman, a short Latino man, and a bearded hipster tending potted plants on a green rooftop garden, the city skyline behind them. Eye-level long take. Midway through the shot, the three gardeners turn to the viewer and form heart shapes with their hands. These are the only people in the scene; the surroundings are open and calm. They hold a relaxed photo pose, bodies settled and steady, gesturing with their hands. Photoreal, natural lighting.	3	human	person
rooftop_garden_trio	orbit_left	Three urban gardeners — a tall Scandinavian woman, a short Latino man, and a bearded hipster tending potted plants on a green rooftop garden, the city skyline behind them. Eye-level long take with a side arc moving to the left around the subject. Midway through the shot, the three gardeners turn to the viewer and form heart shapes with their hands. These are the only people in the scene; the surroundings are open and calm. They hold a relaxed photo pose, bodies settled and steady, gesturing with their hands. Photoreal, natural lighting.	Three urban gardeners — a tall Scandinavian woman, a short Latino man, and a bearded hipster tending potted plants on a green rooftop garden, the city skyline behind them. Eye-level long take. Midway through the shot, the three gardeners turn to the viewer and form heart shapes with their hands. These are the only people in the scene; the surroundings are open and calm. They hold a relaxed photo pose, bodies settled and steady, gesturing with their hands. Photoreal, natural lighting.	3	human	person
rooftop_garden_trio	orbit_right	Three urban gardeners — a tall Scandinavian woman, a short Latino man, and a bearded hipster tending potted plants on a green rooftop garden, the city skyline behind them. Eye-level long take with a side arc moving to the right around the subject. Midway through the shot, the three gardeners turn to the viewer and form heart shapes with their hands. These are the only people in the scene; the surroundings are open and calm. They hold a relaxed photo pose, bodies settled and steady, gesturing with their hands. Photoreal, natural lighting.	Three urban gardeners — a tall Scandinavian woman, a short Latino man, and a bearded hipster tending potted plants on a green rooftop garden, the city skyline behind them. Eye-level long take. Midway through the shot, the three gardeners turn to the viewer and form heart shapes with their hands. These are the only people in the scene; the surroundings are open and calm. They hold a relaxed photo pose, bodies settled and steady, gesturing with their hands. Photoreal, natural lighting.	3	human	person
riverbank_picnic_trio	static	Three friends in their twenties — a Black woman in a headwrap, a tattooed white man, and an Asian woman in a sunhat sitting on a checkered blanket on a grassy riverbank. Eye-level long take. Midway through the shot, the three friends turn to the viewer and burst into warm laughter. These are the only people in the scene; the surroundings are open and calm. They hold a relaxed photo pose, bodies settled and steady, gesturing with their hands. Photoreal, natural lighting.	Three friends in their twenties — a Black woman in a headwrap, a tattooed white man, and an Asian woman in a sunhat sitting on a checkered blanket on a grassy riverbank. Eye-level long take. Midway through the shot, the three friends turn to the viewer and burst into warm laughter. These are the only people in the scene; the surroundings are open and calm. They hold a relaxed photo pose, bodies settled and steady, gesturing with their hands. Photoreal, natural lighting.	3	human	person
riverbank_picnic_trio	pan_left	Three friends in their twenties — a Black woman in a headwrap, a tattooed white man, and an Asian woman in a sunhat sitting on a checkered blanket on a grassy riverbank. Eye-level long take with a panning sweep from right to left. Midway through the shot, the three friends turn to the viewer and burst into warm laughter. These are the only people in the scene; the surroundings are open and calm. They hold a relaxed photo pose, bodies settled and steady, gesturing with their hands. Photoreal, natural lighting.	Three friends in their twenties — a Black woman in a headwrap, a tattooed white man, and an Asian woman in a sunhat sitting on a checkered blanket on a grassy riverbank. Eye-level long take. Midway through the shot, the three friends turn to the viewer and burst into warm laughter. These are the only people in the scene; the surroundings are open and calm. They hold a relaxed photo pose, bodies settled and steady, gesturing with their hands. Photoreal, natural lighting.	3	human	person
riverbank_picnic_trio	pan_right	Three friends in their twenties — a Black woman in a headwrap, a tattooed white man, and an Asian woman in a sunhat sitting on a checkered blanket on a grassy riverbank. Eye-level long take with a panning sweep from left to right. Midway through the shot, the three friends turn to the viewer and burst into warm laughter. These are the only people in the scene; the surroundings are open and calm. They hold a relaxed photo pose, bodies settled and steady, gesturing with their hands. Photoreal, natural lighting.	Three friends in their twenties — a Black woman in a headwrap, a tattooed white man, and an Asian woman in a sunhat sitting on a checkered blanket on a grassy riverbank. Eye-level long take. Midway through the shot, the three friends turn to the viewer and burst into warm laughter. These are the only people in the scene; the surroundings are open and calm. They hold a relaxed photo pose, bodies settled and steady, gesturing with their hands. Photoreal, natural lighting.	3	human	person
riverbank_picnic_trio	dolly	Three friends in their twenties — a Black woman in a headwrap, a tattooed white man, and an Asian woman in a sunhat sitting on a checkered blanket on a grassy riverbank. Eye-level long take with a forward dolly, advancing through the scene toward the subject. Midway through the shot, the three friends turn to the viewer and burst into warm laughter. These are the only people in the scene; the surroundings are open and calm. They hold a relaxed photo pose, bodies settled and steady, gesturing with their hands. Photoreal, natural lighting.	Three friends in their twenties — a Black woman in a headwrap, a tattooed white man, and an Asian woman in a sunhat sitting on a checkered blanket on a grassy riverbank. Eye-level long take. Midway through the shot, the three friends turn to the viewer and burst into warm laughter. These are the only people in the scene; the surroundings are open and calm. They hold a relaxed photo pose, bodies settled and steady, gesturing with their hands. Photoreal, natural lighting.	3	human	person
riverbank_picnic_trio	orbit_left	Three friends in their twenties — a Black woman in a headwrap, a tattooed white man, and an Asian woman in a sunhat sitting on a checkered blanket on a grassy riverbank. Eye-level long take with a side arc moving to the left around the subject. Midway through the shot, the three friends turn to the viewer and burst into warm laughter. These are the only people in the scene; the surroundings are open and calm. They hold a relaxed photo pose, bodies settled and steady, gesturing with their hands. Photoreal, natural lighting.	Three friends in their twenties — a Black woman in a headwrap, a tattooed white man, and an Asian woman in a sunhat sitting on a checkered blanket on a grassy riverbank. Eye-level long take. Midway through the shot, the three friends turn to the viewer and burst into warm laughter. These are the only people in the scene; the surroundings are open and calm. They hold a relaxed photo pose, bodies settled and steady, gesturing with their hands. Photoreal, natural lighting.	3	human	person
riverbank_picnic_trio	orbit_right	Three friends in their twenties — a Black woman in a headwrap, a tattooed white man, and an Asian woman in a sunhat sitting on a checkered blanket on a grassy riverbank. Eye-level long take with a side arc moving to the right around the subject. Midway through the shot, the three friends turn to the viewer and burst into warm laughter. These are the only people in the scene; the surroundings are open and calm. They hold a relaxed photo pose, bodies settled and steady, gesturing with their hands. Photoreal, natural lighting.	Three friends in their twenties — a Black woman in a headwrap, a tattooed white man, and an Asian woman in a sunhat sitting on a checkered blanket on a grassy riverbank. Eye-level long take. Midway through the shot, the three friends turn to the viewer and burst into warm laughter. These are the only people in the scene; the surroundings are open and calm. They hold a relaxed photo pose, bodies settled and steady, gesturing with their hands. Photoreal, natural lighting.	3	human	person
cafe_patio_elderly_pair	static	An elderly couple, a silver-haired woman in a floral blouse and a balding man in a cardigan seated across from each other at a small round table on a quiet, empty cobbled cafe patio. Eye-level long take. Midway through the shot, the couple smile and nod warmly in greeting toward the viewer. These are the only people in the scene; the surroundings are open and calm. They hold a relaxed photo pose, bodies settled and steady, gesturing with their hands. Photoreal, natural lighting.	An elderly couple, a silver-haired woman in a floral blouse and a balding man in a cardigan seated across from each other at a small round table on a quiet, empty cobbled cafe patio. Eye-level long take. Midway through the shot, the couple smile and nod warmly in greeting toward the viewer. These are the only people in the scene; the surroundings are open and calm. They hold a relaxed photo pose, bodies settled and steady, gesturing with their hands. Photoreal, natural lighting.	2	human	person
cafe_patio_elderly_pair	pan_left	An elderly couple, a silver-haired woman in a floral blouse and a balding man in a cardigan seated across from each other at a small round table on a quiet, empty cobbled cafe patio. Eye-level long take with a panning sweep from right to left. Midway through the shot, the couple smile and nod warmly in greeting toward the viewer. These are the only people in the scene; the surroundings are open and calm. They hold a relaxed photo pose, bodies settled and steady, gesturing with their hands. Photoreal, natural lighting.	An elderly couple, a silver-haired woman in a floral blouse and a balding man in a cardigan seated across from each other at a small round table on a quiet, empty cobbled cafe patio. Eye-level long take. Midway through the shot, the couple smile and nod warmly in greeting toward the viewer. These are the only people in the scene; the surroundings are open and calm. They hold a relaxed photo pose, bodies settled and steady, gesturing with their hands. Photoreal, natural lighting.	2	human	person
cafe_patio_elderly_pair	pan_right	An elderly couple, a silver-haired woman in a floral blouse and a balding man in a cardigan seated across from each other at a small round table on a quiet, empty cobbled cafe patio. Eye-level long take with a panning sweep from left to right. Midway through the shot, the couple smile and nod warmly in greeting toward the viewer. These are the only people in the scene; the surroundings are open and calm. They hold a relaxed photo pose, bodies settled and steady, gesturing with their hands. Photoreal, natural lighting.	An elderly couple, a silver-haired woman in a floral blouse and a balding man in a cardigan seated across from each other at a small round table on a quiet, empty cobbled cafe patio. Eye-level long take. Midway through the shot, the couple smile and nod warmly in greeting toward the viewer. These are the only people in the scene; the surroundings are open and calm. They hold a relaxed photo pose, bodies settled and steady, gesturing with their hands. Photoreal, natural lighting.	2	human	person
cafe_patio_elderly_pair	dolly	An elderly couple, a silver-haired woman in a floral blouse and a balding man in a cardigan seated across from each other at a small round table on a quiet, empty cobbled cafe patio. Eye-level long take with a forward dolly, advancing through the scene toward the subject. Midway through the shot, the couple smile and nod warmly in greeting toward the viewer. These are the only people in the scene; the surroundings are open and calm. They hold a relaxed photo pose, bodies settled and steady, gesturing with their hands. Photoreal, natural lighting.	An elderly couple, a silver-haired woman in a floral blouse and a balding man in a cardigan seated across from each other at a small round table on a quiet, empty cobbled cafe patio. Eye-level long take. Midway through the shot, the couple smile and nod warmly in greeting toward the viewer. These are the only people in the scene; the surroundings are open and calm. They hold a relaxed photo pose, bodies settled and steady, gesturing with their hands. Photoreal, natural lighting.	2	human	person
cafe_patio_elderly_pair	orbit_left	An elderly couple, a silver-haired woman in a floral blouse and a balding man in a cardigan seated across from each other at a small round table on a quiet, empty cobbled cafe patio. Eye-level long take with a side arc moving to the left around the subject. Midway through the shot, the couple smile and nod warmly in greeting toward the viewer. These are the only people in the scene; the surroundings are open and calm. They hold a relaxed photo pose, bodies settled and steady, gesturing with their hands. Photoreal, natural lighting.	An elderly couple, a silver-haired woman in a floral blouse and a balding man in a cardigan seated across from each other at a small round table on a quiet, empty cobbled cafe patio. Eye-level long take. Midway through the shot, the couple smile and nod warmly in greeting toward the viewer. These are the only people in the scene; the surroundings are open and calm. They hold a relaxed photo pose, bodies settled and steady, gesturing with their hands. Photoreal, natural lighting.	2	human	person
cafe_patio_elderly_pair	orbit_right	An elderly couple, a silver-haired woman in a floral blouse and a balding man in a cardigan seated across from each other at a small round table on a quiet, empty cobbled cafe patio. Eye-level long take with a side arc moving to the right around the subject. Midway through the shot, the couple smile and nod warmly in greeting toward the viewer. These are the only people in the scene; the surroundings are open and calm. They hold a relaxed photo pose, bodies settled and steady, gesturing with their hands. Photoreal, natural lighting.	An elderly couple, a silver-haired woman in a floral blouse and a balding man in a cardigan seated across from each other at a small round table on a quiet, empty cobbled cafe patio. Eye-level long take. Midway through the shot, the couple smile and nod warmly in greeting toward the viewer. These are the only people in the scene; the surroundings are open and calm. They hold a relaxed photo pose, bodies settled and steady, gesturing with their hands. Photoreal, natural lighting.	2	human	person
park_bench_teens_pair	static	Two teenage girls, one with curly red hair and freckles, the other with a high ponytail and a denim jacket sitting on a park bench under a leafy tree in an empty park. Eye-level long take. Midway through the shot, the two girls turn to the viewer and give playful winks. These are the only people in the scene; the surroundings are open and calm. They hold a relaxed photo pose, bodies settled and steady, gesturing with their hands. Photoreal, natural lighting.	Two teenage girls, one with curly red hair and freckles, the other with a high ponytail and a denim jacket sitting on a park bench under a leafy tree in an empty park. Eye-level long take. Midway through the shot, the two girls turn to the viewer and give playful winks. These are the only people in the scene; the surroundings are open and calm. They hold a relaxed photo pose, bodies settled and steady, gesturing with their hands. Photoreal, natural lighting.	2	human	person
park_bench_teens_pair	pan_left	Two teenage girls, one with curly red hair and freckles, the other with a high ponytail and a denim jacket sitting on a park bench under a leafy tree in an empty park. Eye-level long take with a panning sweep from right to left. Midway through the shot, the two girls turn to the viewer and give playful winks. These are the only people in the scene; the surroundings are open and calm. They hold a relaxed photo pose, bodies settled and steady, gesturing with their hands. Photoreal, natural lighting.	Two teenage girls, one with curly red hair and freckles, the other with a high ponytail and a denim jacket sitting on a park bench under a leafy tree in an empty park. Eye-level long take. Midway through the shot, the two girls turn to the viewer and give playful winks. These are the only people in the scene; the surroundings are open and calm. They hold a relaxed photo pose, bodies settled and steady, gesturing with their hands. Photoreal, natural lighting.	2	human	person
park_bench_teens_pair	pan_right	Two teenage girls, one with curly red hair and freckles, the other with a high ponytail and a denim jacket sitting on a park bench under a leafy tree in an empty park. Eye-level long take with a panning sweep from left to right. Midway through the shot, the two girls turn to the viewer and give playful winks. These are the only people in the scene; the surroundings are open and calm. They hold a relaxed photo pose, bodies settled and steady, gesturing with their hands. Photoreal, natural lighting.	Two teenage girls, one with curly red hair and freckles, the other with a high ponytail and a denim jacket sitting on a park bench under a leafy tree in an empty park. Eye-level long take. Midway through the shot, the two girls turn to the viewer and give playful winks. These are the only people in the scene; the surroundings are open and calm. They hold a relaxed photo pose, bodies settled and steady, gesturing with their hands. Photoreal, natural lighting.	2	human	person
park_bench_teens_pair	dolly	Two teenage girls, one with curly red hair and freckles, the other with a high ponytail and a denim jacket sitting on a park bench under a leafy tree in an empty park. Eye-level long take with a forward dolly, advancing through the scene toward the subject. Midway through the shot, the two girls turn to the viewer and give playful winks. These are the only people in the scene; the surroundings are open and calm. They hold a relaxed photo pose, bodies settled and steady, gesturing with their hands. Photoreal, natural lighting.	Two teenage girls, one with curly red hair and freckles, the other with a high ponytail and a denim jacket sitting on a park bench under a leafy tree in an empty park. Eye-level long take. Midway through the shot, the two girls turn to the viewer and give playful winks. These are the only people in the scene; the surroundings are open and calm. They hold a relaxed photo pose, bodies settled and steady, gesturing with their hands. Photoreal, natural lighting.	2	human	person
park_bench_teens_pair	orbit_left	Two teenage girls, one with curly red hair and freckles, the other with a high ponytail and a denim jacket sitting on a park bench under a leafy tree in an empty park. Eye-level long take with a side arc moving to the left around the subject. Midway through the shot, the two girls turn to the viewer and give playful winks. These are the only people in the scene; the surroundings are open and calm. They hold a relaxed photo pose, bodies settled and steady, gesturing with their hands. Photoreal, natural lighting.	Two teenage girls, one with curly red hair and freckles, the other with a high ponytail and a denim jacket sitting on a park bench under a leafy tree in an empty park. Eye-level long take. Midway through the shot, the two girls turn to the viewer and give playful winks. These are the only people in the scene; the surroundings are open and calm. They hold a relaxed photo pose, bodies settled and steady, gesturing with their hands. Photoreal, natural lighting.	2	human	person
park_bench_teens_pair	orbit_right	Two teenage girls, one with curly red hair and freckles, the other with a high ponytail and a denim jacket sitting on a park bench under a leafy tree in an empty park. Eye-level long take with a side arc moving to the right around the subject. Midway through the shot, the two girls turn to the viewer and give playful winks. These are the only people in the scene; the surroundings are open and calm. They hold a relaxed photo pose, bodies settled and steady, gesturing with their hands. Photoreal, natural lighting.	Two teenage girls, one with curly red hair and freckles, the other with a high ponytail and a denim jacket sitting on a park bench under a leafy tree in an empty park. Eye-level long take. Midway through the shot, the two girls turn to the viewer and give playful winks. These are the only people in the scene; the surroundings are open and calm. They hold a relaxed photo pose, bodies settled and steady, gesturing with their hands. Photoreal, natural lighting.	2	human	person
beach_boardwalk_pair	static	Two athletic men in their twenties, one Black with a shaved head, one tanned with a man-bun, in board shorts standing on an empty wooden beach boardwalk with the ocean behind them. Eye-level long take. Midway through the shot, the two men give the viewer a big relaxed wave and grin. These are the only people in the scene; the surroundings are open and calm. They hold a relaxed photo pose, bodies settled and steady, gesturing with their hands. Photoreal, natural lighting.	Two athletic men in their twenties, one Black with a shaved head, one tanned with a man-bun, in board shorts standing on an empty wooden beach boardwalk with the ocean behind them. Eye-level long take. Midway through the shot, the two men give the viewer a big relaxed wave and grin. These are the only people in the scene; the surroundings are open and calm. They hold a relaxed photo pose, bodies settled and steady, gesturing with their hands. Photoreal, natural lighting.	2	human	person
beach_boardwalk_pair	pan_left	Two athletic men in their twenties, one Black with a shaved head, one tanned with a man-bun, in board shorts standing on an empty wooden beach boardwalk with the ocean behind them. Eye-level long take with a panning sweep from right to left. Midway through the shot, the two men give the viewer a big relaxed wave and grin. These are the only people in the scene; the surroundings are open and calm. They hold a relaxed photo pose, bodies settled and steady, gesturing with their hands. Photoreal, natural lighting.	Two athletic men in their twenties, one Black with a shaved head, one tanned with a man-bun, in board shorts standing on an empty wooden beach boardwalk with the ocean behind them. Eye-level long take. Midway through the shot, the two men give the viewer a big relaxed wave and grin. These are the only people in the scene; the surroundings are open and calm. They hold a relaxed photo pose, bodies settled and steady, gesturing with their hands. Photoreal, natural lighting.	2	human	person
beach_boardwalk_pair	pan_right	Two athletic men in their twenties, one Black with a shaved head, one tanned with a man-bun, in board shorts standing on an empty wooden beach boardwalk with the ocean behind them. Eye-level long take with a panning sweep from left to right. Midway through the shot, the two men give the viewer a big relaxed wave and grin. These are the only people in the scene; the surroundings are open and calm. They hold a relaxed photo pose, bodies settled and steady, gesturing with their hands. Photoreal, natural lighting.	Two athletic men in their twenties, one Black with a shaved head, one tanned with a man-bun, in board shorts standing on an empty wooden beach boardwalk with the ocean behind them. Eye-level long take. Midway through the shot, the two men give the viewer a big relaxed wave and grin. These are the only people in the scene; the surroundings are open and calm. They hold a relaxed photo pose, bodies settled and steady, gesturing with their hands. Photoreal, natural lighting.	2	human	person
beach_boardwalk_pair	dolly	Two athletic men in their twenties, one Black with a shaved head, one tanned with a man-bun, in board shorts standing on an empty wooden beach boardwalk with the ocean behind them. Eye-level long take with a forward dolly, advancing through the scene toward the subject. Midway through the shot, the two men give the viewer a big relaxed wave and grin. These are the only people in the scene; the surroundings are open and calm. They hold a relaxed photo pose, bodies settled and steady, gesturing with their hands. Photoreal, natural lighting.	Two athletic men in their twenties, one Black with a shaved head, one tanned with a man-bun, in board shorts standing on an empty wooden beach boardwalk with the ocean behind them. Eye-level long take. Midway through the shot, the two men give the viewer a big relaxed wave and grin. These are the only people in the scene; the surroundings are open and calm. They hold a relaxed photo pose, bodies settled and steady, gesturing with their hands. Photoreal, natural lighting.	2	human	person
beach_boardwalk_pair	orbit_left	Two athletic men in their twenties, one Black with a shaved head, one tanned with a man-bun, in board shorts standing on an empty wooden beach boardwalk with the ocean behind them. Eye-level long take with a side arc moving to the left around the subject. Midway through the shot, the two men give the viewer a big relaxed wave and grin. These are the only people in the scene; the surroundings are open and calm. They hold a relaxed photo pose, bodies settled and steady, gesturing with their hands. Photoreal, natural lighting.	Two athletic men in their twenties, one Black with a shaved head, one tanned with a man-bun, in board shorts standing on an empty wooden beach boardwalk with the ocean behind them. Eye-level long take. Midway through the shot, the two men give the viewer a big relaxed wave and grin. These are the only people in the scene; the surroundings are open and calm. They hold a relaxed photo pose, bodies settled and steady, gesturing with their hands. Photoreal, natural lighting.	2	human	person
beach_boardwalk_pair	orbit_right	Two athletic men in their twenties, one Black with a shaved head, one tanned with a man-bun, in board shorts standing on an empty wooden beach boardwalk with the ocean behind them. Eye-level long take with a side arc moving to the right around the subject. Midway through the shot, the two men give the viewer a big relaxed wave and grin. These are the only people in the scene; the surroundings are open and calm. They hold a relaxed photo pose, bodies settled and steady, gesturing with their hands. Photoreal, natural lighting.	Two athletic men in their twenties, one Black with a shaved head, one tanned with a man-bun, in board shorts standing on an empty wooden beach boardwalk with the ocean behind them. Eye-level long take. Midway through the shot, the two men give the viewer a big relaxed wave and grin. These are the only people in the scene; the surroundings are open and calm. They hold a relaxed photo pose, bodies settled and steady, gesturing with their hands. Photoreal, natural lighting.	2	human	person
library_students_pair	static	Two university students, a young woman in a hijab and a lanky boy with headphones around his neck seated at a long wooden table in a deserted, quiet library, books stacked around them. Eye-level long take. Midway through the shot, the two students look up at the viewer and raise a finger to their lips in a shush. These are the only people in the scene; the surroundings are open and calm. They hold a relaxed photo pose, bodies settled and steady, gesturing with their hands. Photoreal, natural lighting.	Two university students, a young woman in a hijab and a lanky boy with headphones around his neck seated at a long wooden table in a deserted, quiet library, books stacked around them. Eye-level long take. Midway through the shot, the two students look up at the viewer and raise a finger to their lips in a shush. These are the only people in the scene; the surroundings are open and calm. They hold a relaxed photo pose, bodies settled and steady, gesturing with their hands. Photoreal, natural lighting.	2	human	person
library_students_pair	pan_left	Two university students, a young woman in a hijab and a lanky boy with headphones around his neck seated at a long wooden table in a deserted, quiet library, books stacked around them. Eye-level long take with a panning sweep from right to left. Midway through the shot, the two students look up at the viewer and raise a finger to their lips in a shush. These are the only people in the scene; the surroundings are open and calm. They hold a relaxed photo pose, bodies settled and steady, gesturing with their hands. Photoreal, natural lighting.	Two university students, a young woman in a hijab and a lanky boy with headphones around his neck seated at a long wooden table in a deserted, quiet library, books stacked around them. Eye-level long take. Midway through the shot, the two students look up at the viewer and raise a finger to their lips in a shush. These are the only people in the scene; the surroundings are open and calm. They hold a relaxed photo pose, bodies settled and steady, gesturing with their hands. Photoreal, natural lighting.	2	human	person
library_students_pair	pan_right	Two university students, a young woman in a hijab and a lanky boy with headphones around his neck seated at a long wooden table in a deserted, quiet library, books stacked around them. Eye-level long take with a panning sweep from left to right. Midway through the shot, the two students look up at the viewer and raise a finger to their lips in a shush. These are the only people in the scene; the surroundings are open and calm. They hold a relaxed photo pose, bodies settled and steady, gesturing with their hands. Photoreal, natural lighting.	Two university students, a young woman in a hijab and a lanky boy with headphones around his neck seated at a long wooden table in a deserted, quiet library, books stacked around them. Eye-level long take. Midway through the shot, the two students look up at the viewer and raise a finger to their lips in a shush. These are the only people in the scene; the surroundings are open and calm. They hold a relaxed photo pose, bodies settled and steady, gesturing with their hands. Photoreal, natural lighting.	2	human	person
library_students_pair	dolly	Two university students, a young woman in a hijab and a lanky boy with headphones around his neck seated at a long wooden table in a deserted, quiet library, books stacked around them. Eye-level long take with a forward dolly, advancing through the scene toward the subject. Midway through the shot, the two students look up at the viewer and raise a finger to their lips in a shush. These are the only people in the scene; the surroundings are open and calm. They hold a relaxed photo pose, bodies settled and steady, gesturing with their hands. Photoreal, natural lighting.	Two university students, a young woman in a hijab and a lanky boy with headphones around his neck seated at a long wooden table in a deserted, quiet library, books stacked around them. Eye-level long take. Midway through the shot, the two students look up at the viewer and raise a finger to their lips in a shush. These are the only people in the scene; the surroundings are open and calm. They hold a relaxed photo pose, bodies settled and steady, gesturing with their hands. Photoreal, natural lighting.	2	human	person
library_students_pair	orbit_left	Two university students, a young woman in a hijab and a lanky boy with headphones around his neck seated at a long wooden table in a deserted, quiet library, books stacked around them. Eye-level long take with a side arc moving to the left around the subject. Midway through the shot, the two students look up at the viewer and raise a finger to their lips in a shush. These are the only people in the scene; the surroundings are open and calm. They hold a relaxed photo pose, bodies settled and steady, gesturing with their hands. Photoreal, natural lighting.	Two university students, a young woman in a hijab and a lanky boy with headphones around his neck seated at a long wooden table in a deserted, quiet library, books stacked around them. Eye-level long take. Midway through the shot, the two students look up at the viewer and raise a finger to their lips in a shush. These are the only people in the scene; the surroundings are open and calm. They hold a relaxed photo pose, bodies settled and steady, gesturing with their hands. Photoreal, natural lighting.	2	human	person
library_students_pair	orbit_right	Two university students, a young woman in a hijab and a lanky boy with headphones around his neck seated at a long wooden table in a deserted, quiet library, books stacked around them. Eye-level long take with a side arc moving to the right around the subject. Midway through the shot, the two students look up at the viewer and raise a finger to their lips in a shush. These are the only people in the scene; the surroundings are open and calm. They hold a relaxed photo pose, bodies settled and steady, gesturing with their hands. Photoreal, natural lighting.	Two university students, a young woman in a hijab and a lanky boy with headphones around his neck seated at a long wooden table in a deserted, quiet library, books stacked around them. Eye-level long take. Midway through the shot, the two students look up at the viewer and raise a finger to their lips in a shush. These are the only people in the scene; the surroundings are open and calm. They hold a relaxed photo pose, bodies settled and steady, gesturing with their hands. Photoreal, natural lighting.	2	human	person
gym_floor_pair	static	Two athletic women in workout gear, one Black with cornrows, one with a blonde ponytail standing by the weight racks on an empty gym floor. Eye-level long take. Midway through the shot, the two women turn to the viewer and make an OK sign. These are the only people in the scene; the surroundings are open and calm. They hold a relaxed photo pose, bodies settled and steady, gesturing with their hands. Photoreal, natural lighting.	Two athletic women in workout gear, one Black with cornrows, one with a blonde ponytail standing by the weight racks on an empty gym floor. Eye-level long take. Midway through the shot, the two women turn to the viewer and make an OK sign. These are the only people in the scene; the surroundings are open and calm. They hold a relaxed photo pose, bodies settled and steady, gesturing with their hands. Photoreal, natural lighting.	2	human	person
gym_floor_pair	pan_left	Two athletic women in workout gear, one Black with cornrows, one with a blonde ponytail standing by the weight racks on an empty gym floor. Eye-level long take with a panning sweep from right to left. Midway through the shot, the two women turn to the viewer and make an OK sign. These are the only people in the scene; the surroundings are open and calm. They hold a relaxed photo pose, bodies settled and steady, gesturing with their hands. Photoreal, natural lighting.	Two athletic women in workout gear, one Black with cornrows, one with a blonde ponytail standing by the weight racks on an empty gym floor. Eye-level long take. Midway through the shot, the two women turn to the viewer and make an OK sign. These are the only people in the scene; the surroundings are open and calm. They hold a relaxed photo pose, bodies settled and steady, gesturing with their hands. Photoreal, natural lighting.	2	human	person
gym_floor_pair	pan_right	Two athletic women in workout gear, one Black with cornrows, one with a blonde ponytail standing by the weight racks on an empty gym floor. Eye-level long take with a panning sweep from left to right. Midway through the shot, the two women turn to the viewer and make an OK sign. These are the only people in the scene; the surroundings are open and calm. They hold a relaxed photo pose, bodies settled and steady, gesturing with their hands. Photoreal, natural lighting.	Two athletic women in workout gear, one Black with cornrows, one with a blonde ponytail standing by the weight racks on an empty gym floor. Eye-level long take. Midway through the shot, the two women turn to the viewer and make an OK sign. These are the only people in the scene; the surroundings are open and calm. They hold a relaxed photo pose, bodies settled and steady, gesturing with their hands. Photoreal, natural lighting.	2	human	person
gym_floor_pair	dolly	Two athletic women in workout gear, one Black with cornrows, one with a blonde ponytail standing by the weight racks on an empty gym floor. Eye-level long take with a forward dolly, advancing through the scene toward the subject. Midway through the shot, the two women turn to the viewer and make an OK sign. These are the only people in the scene; the surroundings are open and calm. They hold a relaxed photo pose, bodies settled and steady, gesturing with their hands. Photoreal, natural lighting.	Two athletic women in workout gear, one Black with cornrows, one with a blonde ponytail standing by the weight racks on an empty gym floor. Eye-level long take. Midway through the shot, the two women turn to the viewer and make an OK sign. These are the only people in the scene; the surroundings are open and calm. They hold a relaxed photo pose, bodies settled and steady, gesturing with their hands. Photoreal, natural lighting.	2	human	person
gym_floor_pair	orbit_left	Two athletic women in workout gear, one Black with cornrows, one with a blonde ponytail standing by the weight racks on an empty gym floor. Eye-level long take with a side arc moving to the left around the subject. Midway through the shot, the two women turn to the viewer and make an OK sign. These are the only people in the scene; the surroundings are open and calm. They hold a relaxed photo pose, bodies settled and steady, gesturing with their hands. Photoreal, natural lighting.	Two athletic women in workout gear, one Black with cornrows, one with a blonde ponytail standing by the weight racks on an empty gym floor. Eye-level long take. Midway through the shot, the two women turn to the viewer and make an OK sign. These are the only people in the scene; the surroundings are open and calm. They hold a relaxed photo pose, bodies settled and steady, gesturing with their hands. Photoreal, natural lighting.	2	human	person
gym_floor_pair	orbit_right	Two athletic women in workout gear, one Black with cornrows, one with a blonde ponytail standing by the weight racks on an empty gym floor. Eye-level long take with a side arc moving to the right around the subject. Midway through the shot, the two women turn to the viewer and make an OK sign. These are the only people in the scene; the surroundings are open and calm. They hold a relaxed photo pose, bodies settled and steady, gesturing with their hands. Photoreal, natural lighting.	Two athletic women in workout gear, one Black with cornrows, one with a blonde ponytail standing by the weight racks on an empty gym floor. Eye-level long take. Midway through the shot, the two women turn to the viewer and make an OK sign. These are the only people in the scene; the surroundings are open and calm. They hold a relaxed photo pose, bodies settled and steady, gesturing with their hands. Photoreal, natural lighting.	2	human	person
train_station_elderly_pair	static	An older couple in matching travel coats, the man leaning on a cane seated on a bench beneath a grand train-station clock on a deserted concourse. Eye-level long take. Midway through the shot, the couple turn to the viewer and blow a kiss in farewell. These are the only people in the scene; the surroundings are open and calm. They hold a relaxed photo pose, bodies settled and steady, gesturing with their hands. Photoreal, natural lighting.	An older couple in matching travel coats, the man leaning on a cane seated on a bench beneath a grand train-station clock on a deserted concourse. Eye-level long take. Midway through the shot, the couple turn to the viewer and blow a kiss in farewell. These are the only people in the scene; the surroundings are open and calm. They hold a relaxed photo pose, bodies settled and steady, gesturing with their hands. Photoreal, natural lighting.	2	human	person
train_station_elderly_pair	pan_left	An older couple in matching travel coats, the man leaning on a cane seated on a bench beneath a grand train-station clock on a deserted concourse. Eye-level long take with a panning sweep from right to left. Midway through the shot, the couple turn to the viewer and blow a kiss in farewell. These are the only people in the scene; the surroundings are open and calm. They hold a relaxed photo pose, bodies settled and steady, gesturing with their hands. Photoreal, natural lighting.	An older couple in matching travel coats, the man leaning on a cane seated on a bench beneath a grand train-station clock on a deserted concourse. Eye-level long take. Midway through the shot, the couple turn to the viewer and blow a kiss in farewell. These are the only people in the scene; the surroundings are open and calm. They hold a relaxed photo pose, bodies settled and steady, gesturing with their hands. Photoreal, natural lighting.	2	human	person
train_station_elderly_pair	pan_right	An older couple in matching travel coats, the man leaning on a cane seated on a bench beneath a grand train-station clock on a deserted concourse. Eye-level long take with a panning sweep from left to right. Midway through the shot, the couple turn to the viewer and blow a kiss in farewell. These are the only people in the scene; the surroundings are open and calm. They hold a relaxed photo pose, bodies settled and steady, gesturing with their hands. Photoreal, natural lighting.	An older couple in matching travel coats, the man leaning on a cane seated on a bench beneath a grand train-station clock on a deserted concourse. Eye-level long take. Midway through the shot, the couple turn to the viewer and blow a kiss in farewell. These are the only people in the scene; the surroundings are open and calm. They hold a relaxed photo pose, bodies settled and steady, gesturing with their hands. Photoreal, natural lighting.	2	human	person
train_station_elderly_pair	dolly	An older couple in matching travel coats, the man leaning on a cane seated on a bench beneath a grand train-station clock on a deserted concourse. Eye-level long take with a forward dolly, advancing through the scene toward the subject. Midway through the shot, the couple turn to the viewer and blow a kiss in farewell. These are the only people in the scene; the surroundings are open and calm. They hold a relaxed photo pose, bodies settled and steady, gesturing with their hands. Photoreal, natural lighting.	An older couple in matching travel coats, the man leaning on a cane seated on a bench beneath a grand train-station clock on a deserted concourse. Eye-level long take. Midway through the shot, the couple turn to the viewer and blow a kiss in farewell. These are the only people in the scene; the surroundings are open and calm. They hold a relaxed photo pose, bodies settled and steady, gesturing with their hands. Photoreal, natural lighting.	2	human	person
train_station_elderly_pair	orbit_left	An older couple in matching travel coats, the man leaning on a cane seated on a bench beneath a grand train-station clock on a deserted concourse. Eye-level long take with a side arc moving to the left around the subject. Midway through the shot, the couple turn to the viewer and blow a kiss in farewell. These are the only people in the scene; the surroundings are open and calm. They hold a relaxed photo pose, bodies settled and steady, gesturing with their hands. Photoreal, natural lighting.	An older couple in matching travel coats, the man leaning on a cane seated on a bench beneath a grand train-station clock on a deserted concourse. Eye-level long take. Midway through the shot, the couple turn to the viewer and blow a kiss in farewell. These are the only people in the scene; the surroundings are open and calm. They hold a relaxed photo pose, bodies settled and steady, gesturing with their hands. Photoreal, natural lighting.	2	human	person
train_station_elderly_pair	orbit_right	An older couple in matching travel coats, the man leaning on a cane seated on a bench beneath a grand train-station clock on a deserted concourse. Eye-level long take with a side arc moving to the right around the subject. Midway through the shot, the couple turn to the viewer and blow a kiss in farewell. These are the only people in the scene; the surroundings are open and calm. They hold a relaxed photo pose, bodies settled and steady, gesturing with their hands. Photoreal, natural lighting.	An older couple in matching travel coats, the man leaning on a cane seated on a bench beneath a grand train-station clock on a deserted concourse. Eye-level long take. Midway through the shot, the couple turn to the viewer and blow a kiss in farewell. These are the only people in the scene; the surroundings are open and calm. They hold a relaxed photo pose, bodies settled and steady, gesturing with their hands. Photoreal, natural lighting.	2	human	person
ramen_shop_pair	static	Two friends, a heavyset Japanese man and a freckled Western woman seated at the counter of an otherwise empty ramen shop with bowls in front of them. Eye-level long take. Midway through the shot, the two friends turn to the viewer and beckon them to come over. These are the only people in the scene; the surroundings are open and calm. They hold a relaxed photo pose, bodies settled and steady, gesturing with their hands. Photoreal, natural lighting.	Two friends, a heavyset Japanese man and a freckled Western woman seated at the counter of an otherwise empty ramen shop with bowls in front of them. Eye-level long take. Midway through the shot, the two friends turn to the viewer and beckon them to come over. These are the only people in the scene; the surroundings are open and calm. They hold a relaxed photo pose, bodies settled and steady, gesturing with their hands. Photoreal, natural lighting.	2	human	person
ramen_shop_pair	pan_left	Two friends, a heavyset Japanese man and a freckled Western woman seated at the counter of an otherwise empty ramen shop with bowls in front of them. Eye-level long take with a panning sweep from right to left. Midway through the shot, the two friends turn to the viewer and beckon them to come over. These are the only people in the scene; the surroundings are open and calm. They hold a relaxed photo pose, bodies settled and steady, gesturing with their hands. Photoreal, natural lighting.	Two friends, a heavyset Japanese man and a freckled Western woman seated at the counter of an otherwise empty ramen shop with bowls in front of them. Eye-level long take. Midway through the shot, the two friends turn to the viewer and beckon them to come over. These are the only people in the scene; the surroundings are open and calm. They hold a relaxed photo pose, bodies settled and steady, gesturing with their hands. Photoreal, natural lighting.	2	human	person
ramen_shop_pair	pan_right	Two friends, a heavyset Japanese man and a freckled Western woman seated at the counter of an otherwise empty ramen shop with bowls in front of them. Eye-level long take with a panning sweep from left to right. Midway through the shot, the two friends turn to the viewer and beckon them to come over. These are the only people in the scene; the surroundings are open and calm. They hold a relaxed photo pose, bodies settled and steady, gesturing with their hands. Photoreal, natural lighting.	Two friends, a heavyset Japanese man and a freckled Western woman seated at the counter of an otherwise empty ramen shop with bowls in front of them. Eye-level long take. Midway through the shot, the two friends turn to the viewer and beckon them to come over. These are the only people in the scene; the surroundings are open and calm. They hold a relaxed photo pose, bodies settled and steady, gesturing with their hands. Photoreal, natural lighting.	2	human	person
ramen_shop_pair	dolly	Two friends, a heavyset Japanese man and a freckled Western woman seated at the counter of an otherwise empty ramen shop with bowls in front of them. Eye-level long take with a forward dolly, advancing through the scene toward the subject. Midway through the shot, the two friends turn to the viewer and beckon them to come over. These are the only people in the scene; the surroundings are open and calm. They hold a relaxed photo pose, bodies settled and steady, gesturing with their hands. Photoreal, natural lighting.	Two friends, a heavyset Japanese man and a freckled Western woman seated at the counter of an otherwise empty ramen shop with bowls in front of them. Eye-level long take. Midway through the shot, the two friends turn to the viewer and beckon them to come over. These are the only people in the scene; the surroundings are open and calm. They hold a relaxed photo pose, bodies settled and steady, gesturing with their hands. Photoreal, natural lighting.	2	human	person
ramen_shop_pair	orbit_left	Two friends, a heavyset Japanese man and a freckled Western woman seated at the counter of an otherwise empty ramen shop with bowls in front of them. Eye-level long take with a side arc moving to the left around the subject. Midway through the shot, the two friends turn to the viewer and beckon them to come over. These are the only people in the scene; the surroundings are open and calm. They hold a relaxed photo pose, bodies settled and steady, gesturing with their hands. Photoreal, natural lighting.	Two friends, a heavyset Japanese man and a freckled Western woman seated at the counter of an otherwise empty ramen shop with bowls in front of them. Eye-level long take. Midway through the shot, the two friends turn to the viewer and beckon them to come over. These are the only people in the scene; the surroundings are open and calm. They hold a relaxed photo pose, bodies settled and steady, gesturing with their hands. Photoreal, natural lighting.	2	human	person
ramen_shop_pair	orbit_right	Two friends, a heavyset Japanese man and a freckled Western woman seated at the counter of an otherwise empty ramen shop with bowls in front of them. Eye-level long take with a side arc moving to the right around the subject. Midway through the shot, the two friends turn to the viewer and beckon them to come over. These are the only people in the scene; the surroundings are open and calm. They hold a relaxed photo pose, bodies settled and steady, gesturing with their hands. Photoreal, natural lighting.	Two friends, a heavyset Japanese man and a freckled Western woman seated at the counter of an otherwise empty ramen shop with bowls in front of them. Eye-level long take. Midway through the shot, the two friends turn to the viewer and beckon them to come over. These are the only people in the scene; the surroundings are open and calm. They hold a relaxed photo pose, bodies settled and steady, gesturing with their hands. Photoreal, natural lighting.	2	human	person
cabin_porch_pair	static	A cozy older couple in knit sweaters cradling mugs sitting on a snowy log-cabin porch wrapped in blankets. Eye-level long take. Midway through the shot, the couple turn to the viewer and smile warmly. These are the only people in the scene; the surroundings are open and calm. They hold a relaxed photo pose, bodies settled and steady, gesturing with their hands. Photoreal, natural lighting.	A cozy older couple in knit sweaters cradling mugs sitting on a snowy log-cabin porch wrapped in blankets. Eye-level long take. Midway through the shot, the couple turn to the viewer and smile warmly. These are the only people in the scene; the surroundings are open and calm. They hold a relaxed photo pose, bodies settled and steady, gesturing with their hands. Photoreal, natural lighting.	2	human	person
cabin_porch_pair	pan_left	A cozy older couple in knit sweaters cradling mugs sitting on a snowy log-cabin porch wrapped in blankets. Eye-level long take with a panning sweep from right to left. Midway through the shot, the couple turn to the viewer and smile warmly. These are the only people in the scene; the surroundings are open and calm. They hold a relaxed photo pose, bodies settled and steady, gesturing with their hands. Photoreal, natural lighting.	A cozy older couple in knit sweaters cradling mugs sitting on a snowy log-cabin porch wrapped in blankets. Eye-level long take. Midway through the shot, the couple turn to the viewer and smile warmly. These are the only people in the scene; the surroundings are open and calm. They hold a relaxed photo pose, bodies settled and steady, gesturing with their hands. Photoreal, natural lighting.	2	human	person
cabin_porch_pair	pan_right	A cozy older couple in knit sweaters cradling mugs sitting on a snowy log-cabin porch wrapped in blankets. Eye-level long take with a panning sweep from left to right. Midway through the shot, the couple turn to the viewer and smile warmly. These are the only people in the scene; the surroundings are open and calm. They hold a relaxed photo pose, bodies settled and steady, gesturing with their hands. Photoreal, natural lighting.	A cozy older couple in knit sweaters cradling mugs sitting on a snowy log-cabin porch wrapped in blankets. Eye-level long take. Midway through the shot, the couple turn to the viewer and smile warmly. These are the only people in the scene; the surroundings are open and calm. They hold a relaxed photo pose, bodies settled and steady, gesturing with their hands. Photoreal, natural lighting.	2	human	person
cabin_porch_pair	dolly	A cozy older couple in knit sweaters cradling mugs sitting on a snowy log-cabin porch wrapped in blankets. Eye-level long take with a forward dolly, advancing through the scene toward the subject. Midway through the shot, the couple turn to the viewer and smile warmly. These are the only people in the scene; the surroundings are open and calm. They hold a relaxed photo pose, bodies settled and steady, gesturing with their hands. Photoreal, natural lighting.	A cozy older couple in knit sweaters cradling mugs sitting on a snowy log-cabin porch wrapped in blankets. Eye-level long take. Midway through the shot, the couple turn to the viewer and smile warmly. These are the only people in the scene; the surroundings are open and calm. They hold a relaxed photo pose, bodies settled and steady, gesturing with their hands. Photoreal, natural lighting.	2	human	person
cabin_porch_pair	orbit_left	A cozy older couple in knit sweaters cradling mugs sitting on a snowy log-cabin porch wrapped in blankets. Eye-level long take with a side arc moving to the left around the subject. Midway through the shot, the couple turn to the viewer and smile warmly. These are the only people in the scene; the surroundings are open and calm. They hold a relaxed photo pose, bodies settled and steady, gesturing with their hands. Photoreal, natural lighting.	A cozy older couple in knit sweaters cradling mugs sitting on a snowy log-cabin porch wrapped in blankets. Eye-level long take. Midway through the shot, the couple turn to the viewer and smile warmly. These are the only people in the scene; the surroundings are open and calm. They hold a relaxed photo pose, bodies settled and steady, gesturing with their hands. Photoreal, natural lighting.	2	human	person
cabin_porch_pair	orbit_right	A cozy older couple in knit sweaters cradling mugs sitting on a snowy log-cabin porch wrapped in blankets. Eye-level long take with a side arc moving to the right around the subject. Midway through the shot, the couple turn to the viewer and smile warmly. These are the only people in the scene; the surroundings are open and calm. They hold a relaxed photo pose, bodies settled and steady, gesturing with their hands. Photoreal, natural lighting.	A cozy older couple in knit sweaters cradling mugs sitting on a snowy log-cabin porch wrapped in blankets. Eye-level long take. Midway through the shot, the couple turn to the viewer and smile warmly. These are the only people in the scene; the surroundings are open and calm. They hold a relaxed photo pose, bodies settled and steady, gesturing with their hands. Photoreal, natural lighting.	2	human	person
night_market_pair	static	Two young tourists with cameras around their necks, a tall Black man and a Thai woman standing beside a glowing food stall at a near-empty night market. Eye-level long take. Midway through the shot, the two tourists turn to the viewer and point excitedly toward the lens. These are the only people in the scene; the surroundings are open and calm. They hold a relaxed photo pose, bodies settled and steady, gesturing with their hands. Photoreal, natural lighting.	Two young tourists with cameras around their necks, a tall Black man and a Thai woman standing beside a glowing food stall at a near-empty night market. Eye-level long take. Midway through the shot, the two tourists turn to the viewer and point excitedly toward the lens. These are the only people in the scene; the surroundings are open and calm. They hold a relaxed photo pose, bodies settled and steady, gesturing with their hands. Photoreal, natural lighting.	2	human	person
night_market_pair	pan_left	Two young tourists with cameras around their necks, a tall Black man and a Thai woman standing beside a glowing food stall at a near-empty night market. Eye-level long take with a panning sweep from right to left. Midway through the shot, the two tourists turn to the viewer and point excitedly toward the lens. These are the only people in the scene; the surroundings are open and calm. They hold a relaxed photo pose, bodies settled and steady, gesturing with their hands. Photoreal, natural lighting.	Two young tourists with cameras around their necks, a tall Black man and a Thai woman standing beside a glowing food stall at a near-empty night market. Eye-level long take. Midway through the shot, the two tourists turn to the viewer and point excitedly toward the lens. These are the only people in the scene; the surroundings are open and calm. They hold a relaxed photo pose, bodies settled and steady, gesturing with their hands. Photoreal, natural lighting.	2	human	person
night_market_pair	pan_right	Two young tourists with cameras around their necks, a tall Black man and a Thai woman standing beside a glowing food stall at a near-empty night market. Eye-level long take with a panning sweep from left to right. Midway through the shot, the two tourists turn to the viewer and point excitedly toward the lens. These are the only people in the scene; the surroundings are open and calm. They hold a relaxed photo pose, bodies settled and steady, gesturing with their hands. Photoreal, natural lighting.	Two young tourists with cameras around their necks, a tall Black man and a Thai woman standing beside a glowing food stall at a near-empty night market. Eye-level long take. Midway through the shot, the two tourists turn to the viewer and point excitedly toward the lens. These are the only people in the scene; the surroundings are open and calm. They hold a relaxed photo pose, bodies settled and steady, gesturing with their hands. Photoreal, natural lighting.	2	human	person
night_market_pair	dolly	Two young tourists with cameras around their necks, a tall Black man and a Thai woman standing beside a glowing food stall at a near-empty night market. Eye-level long take with a forward dolly, advancing through the scene toward the subject. Midway through the shot, the two tourists turn to the viewer and point excitedly toward the lens. These are the only people in the scene; the surroundings are open and calm. They hold a relaxed photo pose, bodies settled and steady, gesturing with their hands. Photoreal, natural lighting.	Two young tourists with cameras around their necks, a tall Black man and a Thai woman standing beside a glowing food stall at a near-empty night market. Eye-level long take. Midway through the shot, the two tourists turn to the viewer and point excitedly toward the lens. These are the only people in the scene; the surroundings are open and calm. They hold a relaxed photo pose, bodies settled and steady, gesturing with their hands. Photoreal, natural lighting.	2	human	person
night_market_pair	orbit_left	Two young tourists with cameras around their necks, a tall Black man and a Thai woman standing beside a glowing food stall at a near-empty night market. Eye-level long take with a side arc moving to the left around the subject. Midway through the shot, the two tourists turn to the viewer and point excitedly toward the lens. These are the only people in the scene; the surroundings are open and calm. They hold a relaxed photo pose, bodies settled and steady, gesturing with their hands. Photoreal, natural lighting.	Two young tourists with cameras around their necks, a tall Black man and a Thai woman standing beside a glowing food stall at a near-empty night market. Eye-level long take. Midway through the shot, the two tourists turn to the viewer and point excitedly toward the lens. These are the only people in the scene; the surroundings are open and calm. They hold a relaxed photo pose, bodies settled and steady, gesturing with their hands. Photoreal, natural lighting.	2	human	person
night_market_pair	orbit_right	Two young tourists with cameras around their necks, a tall Black man and a Thai woman standing beside a glowing food stall at a near-empty night market. Eye-level long take with a side arc moving to the right around the subject. Midway through the shot, the two tourists turn to the viewer and point excitedly toward the lens. These are the only people in the scene; the surroundings are open and calm. They hold a relaxed photo pose, bodies settled and steady, gesturing with their hands. Photoreal, natural lighting.	Two young tourists with cameras around their necks, a tall Black man and a Thai woman standing beside a glowing food stall at a near-empty night market. Eye-level long take. Midway through the shot, the two tourists turn to the viewer and point excitedly toward the lens. These are the only people in the scene; the surroundings are open and calm. They hold a relaxed photo pose, bodies settled and steady, gesturing with their hands. Photoreal, natural lighting.	2	human	person
vineyard_row_pair	static	A sun-tanned vintner in a wide-brimmed hat and a young apprentice with a ponytail standing between rows of grapevines in a sunlit vineyard. Eye-level long take. Midway through the shot, the two turn to the viewer and raise a hand in a friendly salute. These are the only people in the scene; the surroundings are open and calm. They hold a relaxed photo pose, bodies settled and steady, gesturing with their hands. Photoreal, natural lighting.	A sun-tanned vintner in a wide-brimmed hat and a young apprentice with a ponytail standing between rows of grapevines in a sunlit vineyard. Eye-level long take. Midway through the shot, the two turn to the viewer and raise a hand in a friendly salute. These are the only people in the scene; the surroundings are open and calm. They hold a relaxed photo pose, bodies settled and steady, gesturing with their hands. Photoreal, natural lighting.	2	human	person
vineyard_row_pair	pan_left	A sun-tanned vintner in a wide-brimmed hat and a young apprentice with a ponytail standing between rows of grapevines in a sunlit vineyard. Eye-level long take with a panning sweep from right to left. Midway through the shot, the two turn to the viewer and raise a hand in a friendly salute. These are the only people in the scene; the surroundings are open and calm. They hold a relaxed photo pose, bodies settled and steady, gesturing with their hands. Photoreal, natural lighting.	A sun-tanned vintner in a wide-brimmed hat and a young apprentice with a ponytail standing between rows of grapevines in a sunlit vineyard. Eye-level long take. Midway through the shot, the two turn to the viewer and raise a hand in a friendly salute. These are the only people in the scene; the surroundings are open and calm. They hold a relaxed photo pose, bodies settled and steady, gesturing with their hands. Photoreal, natural lighting.	2	human	person
vineyard_row_pair	pan_right	A sun-tanned vintner in a wide-brimmed hat and a young apprentice with a ponytail standing between rows of grapevines in a sunlit vineyard. Eye-level long take with a panning sweep from left to right. Midway through the shot, the two turn to the viewer and raise a hand in a friendly salute. These are the only people in the scene; the surroundings are open and calm. They hold a relaxed photo pose, bodies settled and steady, gesturing with their hands. Photoreal, natural lighting.	A sun-tanned vintner in a wide-brimmed hat and a young apprentice with a ponytail standing between rows of grapevines in a sunlit vineyard. Eye-level long take. Midway through the shot, the two turn to the viewer and raise a hand in a friendly salute. These are the only people in the scene; the surroundings are open and calm. They hold a relaxed photo pose, bodies settled and steady, gesturing with their hands. Photoreal, natural lighting.	2	human	person
vineyard_row_pair	dolly	A sun-tanned vintner in a wide-brimmed hat and a young apprentice with a ponytail standing between rows of grapevines in a sunlit vineyard. Eye-level long take with a forward dolly, advancing through the scene toward the subject. Midway through the shot, the two turn to the viewer and raise a hand in a friendly salute. These are the only people in the scene; the surroundings are open and calm. They hold a relaxed photo pose, bodies settled and steady, gesturing with their hands. Photoreal, natural lighting.	A sun-tanned vintner in a wide-brimmed hat and a young apprentice with a ponytail standing between rows of grapevines in a sunlit vineyard. Eye-level long take. Midway through the shot, the two turn to the viewer and raise a hand in a friendly salute. These are the only people in the scene; the surroundings are open and calm. They hold a relaxed photo pose, bodies settled and steady, gesturing with their hands. Photoreal, natural lighting.	2	human	person
vineyard_row_pair	orbit_left	A sun-tanned vintner in a wide-brimmed hat and a young apprentice with a ponytail standing between rows of grapevines in a sunlit vineyard. Eye-level long take with a side arc moving to the left around the subject. Midway through the shot, the two turn to the viewer and raise a hand in a friendly salute. These are the only people in the scene; the surroundings are open and calm. They hold a relaxed photo pose, bodies settled and steady, gesturing with their hands. Photoreal, natural lighting.	A sun-tanned vintner in a wide-brimmed hat and a young apprentice with a ponytail standing between rows of grapevines in a sunlit vineyard. Eye-level long take. Midway through the shot, the two turn to the viewer and raise a hand in a friendly salute. These are the only people in the scene; the surroundings are open and calm. They hold a relaxed photo pose, bodies settled and steady, gesturing with their hands. Photoreal, natural lighting.	2	human	person
vineyard_row_pair	orbit_right	A sun-tanned vintner in a wide-brimmed hat and a young apprentice with a ponytail standing between rows of grapevines in a sunlit vineyard. Eye-level long take with a side arc moving to the right around the subject. Midway through the shot, the two turn to the viewer and raise a hand in a friendly salute. These are the only people in the scene; the surroundings are open and calm. They hold a relaxed photo pose, bodies settled and steady, gesturing with their hands. Photoreal, natural lighting.	A sun-tanned vintner in a wide-brimmed hat and a young apprentice with a ponytail standing between rows of grapevines in a sunlit vineyard. Eye-level long take. Midway through the shot, the two turn to the viewer and raise a hand in a friendly salute. These are the only people in the scene; the surroundings are open and calm. They hold a relaxed photo pose, bodies settled and steady, gesturing with their hands. Photoreal, natural lighting.	2	human	person
plaza_fountain_pair	static	Two fashionable women, one tall with an afro, one petite with a pixie cut sitting on the edge of a stone fountain in an empty city plaza. Eye-level long take. Midway through the shot, the two women turn to the viewer with a surprised, delighted gasp. These are the only people in the scene; the surroundings are open and calm. They hold a relaxed photo pose, bodies settled and steady, gesturing with their hands. Photoreal, natural lighting.	Two fashionable women, one tall with an afro, one petite with a pixie cut sitting on the edge of a stone fountain in an empty city plaza. Eye-level long take. Midway through the shot, the two women turn to the viewer with a surprised, delighted gasp. These are the only people in the scene; the surroundings are open and calm. They hold a relaxed photo pose, bodies settled and steady, gesturing with their hands. Photoreal, natural lighting.	2	human	person
plaza_fountain_pair	pan_left	Two fashionable women, one tall with an afro, one petite with a pixie cut sitting on the edge of a stone fountain in an empty city plaza. Eye-level long take with a panning sweep from right to left. Midway through the shot, the two women turn to the viewer with a surprised, delighted gasp. These are the only people in the scene; the surroundings are open and calm. They hold a relaxed photo pose, bodies settled and steady, gesturing with their hands. Photoreal, natural lighting.	Two fashionable women, one tall with an afro, one petite with a pixie cut sitting on the edge of a stone fountain in an empty city plaza. Eye-level long take. Midway through the shot, the two women turn to the viewer with a surprised, delighted gasp. These are the only people in the scene; the surroundings are open and calm. They hold a relaxed photo pose, bodies settled and steady, gesturing with their hands. Photoreal, natural lighting.	2	human	person
plaza_fountain_pair	pan_right	Two fashionable women, one tall with an afro, one petite with a pixie cut sitting on the edge of a stone fountain in an empty city plaza. Eye-level long take with a panning sweep from left to right. Midway through the shot, the two women turn to the viewer with a surprised, delighted gasp. These are the only people in the scene; the surroundings are open and calm. They hold a relaxed photo pose, bodies settled and steady, gesturing with their hands. Photoreal, natural lighting.	Two fashionable women, one tall with an afro, one petite with a pixie cut sitting on the edge of a stone fountain in an empty city plaza. Eye-level long take. Midway through the shot, the two women turn to the viewer with a surprised, delighted gasp. These are the only people in the scene; the surroundings are open and calm. They hold a relaxed photo pose, bodies settled and steady, gesturing with their hands. Photoreal, natural lighting.	2	human	person
plaza_fountain_pair	dolly	Two fashionable women, one tall with an afro, one petite with a pixie cut sitting on the edge of a stone fountain in an empty city plaza. Eye-level long take with a forward dolly, advancing through the scene toward the subject. Midway through the shot, the two women turn to the viewer with a surprised, delighted gasp. These are the only people in the scene; the surroundings are open and calm. They hold a relaxed photo pose, bodies settled and steady, gesturing with their hands. Photoreal, natural lighting.	Two fashionable women, one tall with an afro, one petite with a pixie cut sitting on the edge of a stone fountain in an empty city plaza. Eye-level long take. Midway through the shot, the two women turn to the viewer with a surprised, delighted gasp. These are the only people in the scene; the surroundings are open and calm. They hold a relaxed photo pose, bodies settled and steady, gesturing with their hands. Photoreal, natural lighting.	2	human	person
plaza_fountain_pair	orbit_left	Two fashionable women, one tall with an afro, one petite with a pixie cut sitting on the edge of a stone fountain in an empty city plaza. Eye-level long take with a side arc moving to the left around the subject. Midway through the shot, the two women turn to the viewer with a surprised, delighted gasp. These are the only people in the scene; the surroundings are open and calm. They hold a relaxed photo pose, bodies settled and steady, gesturing with their hands. Photoreal, natural lighting.	Two fashionable women, one tall with an afro, one petite with a pixie cut sitting on the edge of a stone fountain in an empty city plaza. Eye-level long take. Midway through the shot, the two women turn to the viewer with a surprised, delighted gasp. These are the only people in the scene; the surroundings are open and calm. They hold a relaxed photo pose, bodies settled and steady, gesturing with their hands. Photoreal, natural lighting.	2	human	person
plaza_fountain_pair	orbit_right	Two fashionable women, one tall with an afro, one petite with a pixie cut sitting on the edge of a stone fountain in an empty city plaza. Eye-level long take with a side arc moving to the right around the subject. Midway through the shot, the two women turn to the viewer with a surprised, delighted gasp. These are the only people in the scene; the surroundings are open and calm. They hold a relaxed photo pose, bodies settled and steady, gesturing with their hands. Photoreal, natural lighting.	Two fashionable women, one tall with an afro, one petite with a pixie cut sitting on the edge of a stone fountain in an empty city plaza. Eye-level long take. Midway through the shot, the two women turn to the viewer with a surprised, delighted gasp. These are the only people in the scene; the surroundings are open and calm. They hold a relaxed photo pose, bodies settled and steady, gesturing with their hands. Photoreal, natural lighting.	2	human	person
rooftop_dusk_solo	static	A young Latina woman with wavy dark hair in a yellow sundress leaning on a rooftop railing at dusk with city lights behind her. Eye-level long take. Midway through the shot, the woman turns toward the viewer and gives a graceful bow. These are the only people in the scene; the surroundings are open and calm. They hold a relaxed photo pose, bodies settled and steady, gesturing with their hands. Photoreal, natural lighting.	A young Latina woman with wavy dark hair in a yellow sundress leaning on a rooftop railing at dusk with city lights behind her. Eye-level long take. Midway through the shot, the woman turns toward the viewer and gives a graceful bow. These are the only people in the scene; the surroundings are open and calm. They hold a relaxed photo pose, bodies settled and steady, gesturing with their hands. Photoreal, natural lighting.	1	human	person
rooftop_dusk_solo	pan_left	A young Latina woman with wavy dark hair in a yellow sundress leaning on a rooftop railing at dusk with city lights behind her. Eye-level long take with a panning sweep from right to left. Midway through the shot, the woman turns toward the viewer and gives a graceful bow. These are the only people in the scene; the surroundings are open and calm. They hold a relaxed photo pose, bodies settled and steady, gesturing with their hands. Photoreal, natural lighting.	A young Latina woman with wavy dark hair in a yellow sundress leaning on a rooftop railing at dusk with city lights behind her. Eye-level long take. Midway through the shot, the woman turns toward the viewer and gives a graceful bow. These are the only people in the scene; the surroundings are open and calm. They hold a relaxed photo pose, bodies settled and steady, gesturing with their hands. Photoreal, natural lighting.	1	human	person
rooftop_dusk_solo	pan_right	A young Latina woman with wavy dark hair in a yellow sundress leaning on a rooftop railing at dusk with city lights behind her. Eye-level long take with a panning sweep from left to right. Midway through the shot, the woman turns toward the viewer and gives a graceful bow. These are the only people in the scene; the surroundings are open and calm. They hold a relaxed photo pose, bodies settled and steady, gesturing with their hands. Photoreal, natural lighting.	A young Latina woman with wavy dark hair in a yellow sundress leaning on a rooftop railing at dusk with city lights behind her. Eye-level long take. Midway through the shot, the woman turns toward the viewer and gives a graceful bow. These are the only people in the scene; the surroundings are open and calm. They hold a relaxed photo pose, bodies settled and steady, gesturing with their hands. Photoreal, natural lighting.	1	human	person
rooftop_dusk_solo	dolly	A young Latina woman with wavy dark hair in a yellow sundress leaning on a rooftop railing at dusk with city lights behind her. Eye-level long take with a forward dolly, advancing through the scene toward the subject. Midway through the shot, the woman turns toward the viewer and gives a graceful bow. These are the only people in the scene; the surroundings are open and calm. They hold a relaxed photo pose, bodies settled and steady, gesturing with their hands. Photoreal, natural lighting.	A young Latina woman with wavy dark hair in a yellow sundress leaning on a rooftop railing at dusk with city lights behind her. Eye-level long take. Midway through the shot, the woman turns toward the viewer and gives a graceful bow. These are the only people in the scene; the surroundings are open and calm. They hold a relaxed photo pose, bodies settled and steady, gesturing with their hands. Photoreal, natural lighting.	1	human	person
rooftop_dusk_solo	orbit_left	A young Latina woman with wavy dark hair in a yellow sundress leaning on a rooftop railing at dusk with city lights behind her. Eye-level long take with a side arc moving to the left around the subject. Midway through the shot, the woman turns toward the viewer and gives a graceful bow. These are the only people in the scene; the surroundings are open and calm. They hold a relaxed photo pose, bodies settled and steady, gesturing with their hands. Photoreal, natural lighting.	A young Latina woman with wavy dark hair in a yellow sundress leaning on a rooftop railing at dusk with city lights behind her. Eye-level long take. Midway through the shot, the woman turns toward the viewer and gives a graceful bow. These are the only people in the scene; the surroundings are open and calm. They hold a relaxed photo pose, bodies settled and steady, gesturing with their hands. Photoreal, natural lighting.	1	human	person
rooftop_dusk_solo	orbit_right	A young Latina woman with wavy dark hair in a yellow sundress leaning on a rooftop railing at dusk with city lights behind her. Eye-level long take with a side arc moving to the right around the subject. Midway through the shot, the woman turns toward the viewer and gives a graceful bow. These are the only people in the scene; the surroundings are open and calm. They hold a relaxed photo pose, bodies settled and steady, gesturing with their hands. Photoreal, natural lighting.	A young Latina woman with wavy dark hair in a yellow sundress leaning on a rooftop railing at dusk with city lights behind her. Eye-level long take. Midway through the shot, the woman turns toward the viewer and gives a graceful bow. These are the only people in the scene; the surroundings are open and calm. They hold a relaxed photo pose, bodies settled and steady, gesturing with their hands. Photoreal, natural lighting.	1	human	person
forest_trail_solo	static	A bearded middle-aged hiker in a red flannel shirt with a backpack pausing on a leaf-strewn forest trail. Eye-level long take. Midway through the shot, the hiker turns to the viewer with a playful eye-roll. These are the only people in the scene; the surroundings are open and calm. They hold a relaxed photo pose, bodies settled and steady, gesturing with their hands. Photoreal, natural lighting.	A bearded middle-aged hiker in a red flannel shirt with a backpack pausing on a leaf-strewn forest trail. Eye-level long take. Midway through the shot, the hiker turns to the viewer with a playful eye-roll. These are the only people in the scene; the surroundings are open and calm. They hold a relaxed photo pose, bodies settled and steady, gesturing with their hands. Photoreal, natural lighting.	1	human	person
forest_trail_solo	pan_left	A bearded middle-aged hiker in a red flannel shirt with a backpack pausing on a leaf-strewn forest trail. Eye-level long take with a panning sweep from right to left. Midway through the shot, the hiker turns to the viewer with a playful eye-roll. These are the only people in the scene; the surroundings are open and calm. They hold a relaxed photo pose, bodies settled and steady, gesturing with their hands. Photoreal, natural lighting.	A bearded middle-aged hiker in a red flannel shirt with a backpack pausing on a leaf-strewn forest trail. Eye-level long take. Midway through the shot, the hiker turns to the viewer with a playful eye-roll. These are the only people in the scene; the surroundings are open and calm. They hold a relaxed photo pose, bodies settled and steady, gesturing with their hands. Photoreal, natural lighting.	1	human	person
forest_trail_solo	pan_right	A bearded middle-aged hiker in a red flannel shirt with a backpack pausing on a leaf-strewn forest trail. Eye-level long take with a panning sweep from left to right. Midway through the shot, the hiker turns to the viewer with a playful eye-roll. These are the only people in the scene; the surroundings are open and calm. They hold a relaxed photo pose, bodies settled and steady, gesturing with their hands. Photoreal, natural lighting.	A bearded middle-aged hiker in a red flannel shirt with a backpack pausing on a leaf-strewn forest trail. Eye-level long take. Midway through the shot, the hiker turns to the viewer with a playful eye-roll. These are the only people in the scene; the surroundings are open and calm. They hold a relaxed photo pose, bodies settled and steady, gesturing with their hands. Photoreal, natural lighting.	1	human	person
forest_trail_solo	dolly	A bearded middle-aged hiker in a red flannel shirt with a backpack pausing on a leaf-strewn forest trail. Eye-level long take with a forward dolly, advancing through the scene toward the subject. Midway through the shot, the hiker turns to the viewer with a playful eye-roll. These are the only people in the scene; the surroundings are open and calm. They hold a relaxed photo pose, bodies settled and steady, gesturing with their hands. Photoreal, natural lighting.	A bearded middle-aged hiker in a red flannel shirt with a backpack pausing on a leaf-strewn forest trail. Eye-level long take. Midway through the shot, the hiker turns to the viewer with a playful eye-roll. These are the only people in the scene; the surroundings are open and calm. They hold a relaxed photo pose, bodies settled and steady, gesturing with their hands. Photoreal, natural lighting.	1	human	person
forest_trail_solo	orbit_left	A bearded middle-aged hiker in a red flannel shirt with a backpack pausing on a leaf-strewn forest trail. Eye-level long take with a side arc moving to the left around the subject. Midway through the shot, the hiker turns to the viewer with a playful eye-roll. These are the only people in the scene; the surroundings are open and calm. They hold a relaxed photo pose, bodies settled and steady, gesturing with their hands. Photoreal, natural lighting.	A bearded middle-aged hiker in a red flannel shirt with a backpack pausing on a leaf-strewn forest trail. Eye-level long take. Midway through the shot, the hiker turns to the viewer with a playful eye-roll. These are the only people in the scene; the surroundings are open and calm. They hold a relaxed photo pose, bodies settled and steady, gesturing with their hands. Photoreal, natural lighting.	1	human	person
forest_trail_solo	orbit_right	A bearded middle-aged hiker in a red flannel shirt with a backpack pausing on a leaf-strewn forest trail. Eye-level long take with a side arc moving to the right around the subject. Midway through the shot, the hiker turns to the viewer with a playful eye-roll. These are the only people in the scene; the surroundings are open and calm. They hold a relaxed photo pose, bodies settled and steady, gesturing with their hands. Photoreal, natural lighting.	A bearded middle-aged hiker in a red flannel shirt with a backpack pausing on a leaf-strewn forest trail. Eye-level long take. Midway through the shot, the hiker turns to the viewer with a playful eye-roll. These are the only people in the scene; the surroundings are open and calm. They hold a relaxed photo pose, bodies settled and steady, gesturing with their hands. Photoreal, natural lighting.	1	human	person
subway_platform_solo	static	A stylish young Korean man in a long black coat with dyed-blond hair waiting alone on a deserted tiled subway platform. Eye-level long take. Midway through the shot, the man turns to the viewer and crosses his arms. These are the only people in the scene; the surroundings are open and calm. They hold a relaxed photo pose, bodies settled and steady, gesturing with their hands. Photoreal, natural lighting.	A stylish young Korean man in a long black coat with dyed-blond hair waiting alone on a deserted tiled subway platform. Eye-level long take. Midway through the shot, the man turns to the viewer and crosses his arms. These are the only people in the scene; the surroundings are open and calm. They hold a relaxed photo pose, bodies settled and steady, gesturing with their hands. Photoreal, natural lighting.	1	human	person
subway_platform_solo	pan_left	A stylish young Korean man in a long black coat with dyed-blond hair waiting alone on a deserted tiled subway platform. Eye-level long take with a panning sweep from right to left. Midway through the shot, the man turns to the viewer and crosses his arms. These are the only people in the scene; the surroundings are open and calm. They hold a relaxed photo pose, bodies settled and steady, gesturing with their hands. Photoreal, natural lighting.	A stylish young Korean man in a long black coat with dyed-blond hair waiting alone on a deserted tiled subway platform. Eye-level long take. Midway through the shot, the man turns to the viewer and crosses his arms. These are the only people in the scene; the surroundings are open and calm. They hold a relaxed photo pose, bodies settled and steady, gesturing with their hands. Photoreal, natural lighting.	1	human	person
subway_platform_solo	pan_right	A stylish young Korean man in a long black coat with dyed-blond hair waiting alone on a deserted tiled subway platform. Eye-level long take with a panning sweep from left to right. Midway through the shot, the man turns to the viewer and crosses his arms. These are the only people in the scene; the surroundings are open and calm. They hold a relaxed photo pose, bodies settled and steady, gesturing with their hands. Photoreal, natural lighting.	A stylish young Korean man in a long black coat with dyed-blond hair waiting alone on a deserted tiled subway platform. Eye-level long take. Midway through the shot, the man turns to the viewer and crosses his arms. These are the only people in the scene; the surroundings are open and calm. They hold a relaxed photo pose, bodies settled and steady, gesturing with their hands. Photoreal, natural lighting.	1	human	person
subway_platform_solo	dolly	A stylish young Korean man in a long black coat with dyed-blond hair waiting alone on a deserted tiled subway platform. Eye-level long take with a forward dolly, advancing through the scene toward the subject. Midway through the shot, the man turns to the viewer and crosses his arms. These are the only people in the scene; the surroundings are open and calm. They hold a relaxed photo pose, bodies settled and steady, gesturing with their hands. Photoreal, natural lighting.	A stylish young Korean man in a long black coat with dyed-blond hair waiting alone on a deserted tiled subway platform. Eye-level long take. Midway through the shot, the man turns to the viewer and crosses his arms. These are the only people in the scene; the surroundings are open and calm. They hold a relaxed photo pose, bodies settled and steady, gesturing with their hands. Photoreal, natural lighting.	1	human	person
subway_platform_solo	orbit_left	A stylish young Korean man in a long black coat with dyed-blond hair waiting alone on a deserted tiled subway platform. Eye-level long take with a side arc moving to the left around the subject. Midway through the shot, the man turns to the viewer and crosses his arms. These are the only people in the scene; the surroundings are open and calm. They hold a relaxed photo pose, bodies settled and steady, gesturing with their hands. Photoreal, natural lighting.	A stylish young Korean man in a long black coat with dyed-blond hair waiting alone on a deserted tiled subway platform. Eye-level long take. Midway through the shot, the man turns to the viewer and crosses his arms. These are the only people in the scene; the surroundings are open and calm. They hold a relaxed photo pose, bodies settled and steady, gesturing with their hands. Photoreal, natural lighting.	1	human	person
subway_platform_solo	orbit_right	A stylish young Korean man in a long black coat with dyed-blond hair waiting alone on a deserted tiled subway platform. Eye-level long take with a side arc moving to the right around the subject. Midway through the shot, the man turns to the viewer and crosses his arms. These are the only people in the scene; the surroundings are open and calm. They hold a relaxed photo pose, bodies settled and steady, gesturing with their hands. Photoreal, natural lighting.	A stylish young Korean man in a long black coat with dyed-blond hair waiting alone on a deserted tiled subway platform. Eye-level long take. Midway through the shot, the man turns to the viewer and crosses his arms. These are the only people in the scene; the surroundings are open and calm. They hold a relaxed photo pose, bodies settled and steady, gesturing with their hands. Photoreal, natural lighting.	1	human	person
mountain_overlook_solo	static	A weathered older man with a grey beard in a wool sweater standing at a mountain overlook with peaks behind him. Eye-level long take. Midway through the shot, the man turns to the viewer and raises a palm in a stop gesture. These are the only people in the scene; the surroundings are open and calm. They hold a relaxed photo pose, bodies settled and steady, gesturing with their hands. Photoreal, natural lighting.	A weathered older man with a grey beard in a wool sweater standing at a mountain overlook with peaks behind him. Eye-level long take. Midway through the shot, the man turns to the viewer and raises a palm in a stop gesture. These are the only people in the scene; the surroundings are open and calm. They hold a relaxed photo pose, bodies settled and steady, gesturing with their hands. Photoreal, natural lighting.	1	human	person
mountain_overlook_solo	pan_left	A weathered older man with a grey beard in a wool sweater standing at a mountain overlook with peaks behind him. Eye-level long take with a panning sweep from right to left. Midway through the shot, the man turns to the viewer and raises a palm in a stop gesture. These are the only people in the scene; the surroundings are open and calm. They hold a relaxed photo pose, bodies settled and steady, gesturing with their hands. Photoreal, natural lighting.	A weathered older man with a grey beard in a wool sweater standing at a mountain overlook with peaks behind him. Eye-level long take. Midway through the shot, the man turns to the viewer and raises a palm in a stop gesture. These are the only people in the scene; the surroundings are open and calm. They hold a relaxed photo pose, bodies settled and steady, gesturing with their hands. Photoreal, natural lighting.	1	human	person
mountain_overlook_solo	pan_right	A weathered older man with a grey beard in a wool sweater standing at a mountain overlook with peaks behind him. Eye-level long take with a panning sweep from left to right. Midway through the shot, the man turns to the viewer and raises a palm in a stop gesture. These are the only people in the scene; the surroundings are open and calm. They hold a relaxed photo pose, bodies settled and steady, gesturing with their hands. Photoreal, natural lighting.	A weathered older man with a grey beard in a wool sweater standing at a mountain overlook with peaks behind him. Eye-level long take. Midway through the shot, the man turns to the viewer and raises a palm in a stop gesture. These are the only people in the scene; the surroundings are open and calm. They hold a relaxed photo pose, bodies settled and steady, gesturing with their hands. Photoreal, natural lighting.	1	human	person
mountain_overlook_solo	dolly	A weathered older man with a grey beard in a wool sweater standing at a mountain overlook with peaks behind him. Eye-level long take with a forward dolly, advancing through the scene toward the subject. Midway through the shot, the man turns to the viewer and raises a palm in a stop gesture. These are the only people in the scene; the surroundings are open and calm. They hold a relaxed photo pose, bodies settled and steady, gesturing with their hands. Photoreal, natural lighting.	A weathered older man with a grey beard in a wool sweater standing at a mountain overlook with peaks behind him. Eye-level long take. Midway through the shot, the man turns to the viewer and raises a palm in a stop gesture. These are the only people in the scene; the surroundings are open and calm. They hold a relaxed photo pose, bodies settled and steady, gesturing with their hands. Photoreal, natural lighting.	1	human	person
mountain_overlook_solo	orbit_left	A weathered older man with a grey beard in a wool sweater standing at a mountain overlook with peaks behind him. Eye-level long take with a side arc moving to the left around the subject. Midway through the shot, the man turns to the viewer and raises a palm in a stop gesture. These are the only people in the scene; the surroundings are open and calm. They hold a relaxed photo pose, bodies settled and steady, gesturing with their hands. Photoreal, natural lighting.	A weathered older man with a grey beard in a wool sweater standing at a mountain overlook with peaks behind him. Eye-level long take. Midway through the shot, the man turns to the viewer and raises a palm in a stop gesture. These are the only people in the scene; the surroundings are open and calm. They hold a relaxed photo pose, bodies settled and steady, gesturing with their hands. Photoreal, natural lighting.	1	human	person
mountain_overlook_solo	orbit_right	A weathered older man with a grey beard in a wool sweater standing at a mountain overlook with peaks behind him. Eye-level long take with a side arc moving to the right around the subject. Midway through the shot, the man turns to the viewer and raises a palm in a stop gesture. These are the only people in the scene; the surroundings are open and calm. They hold a relaxed photo pose, bodies settled and steady, gesturing with their hands. Photoreal, natural lighting.	A weathered older man with a grey beard in a wool sweater standing at a mountain overlook with peaks behind him. Eye-level long take. Midway through the shot, the man turns to the viewer and raises a palm in a stop gesture. These are the only people in the scene; the surroundings are open and calm. They hold a relaxed photo pose, bodies settled and steady, gesturing with their hands. Photoreal, natural lighting.	1	human	person
parking_night_solo	static	A young man in a hoodie with a buzz cut leaning against a concrete pillar in a dim parking garage at night. Eye-level long take. Midway through the shot, the man turns toward the viewer and shakes his head. These are the only people in the scene; the surroundings are open and calm. They hold a relaxed photo pose, bodies settled and steady, gesturing with their hands. Photoreal, natural lighting.	A young man in a hoodie with a buzz cut leaning against a concrete pillar in a dim parking garage at night. Eye-level long take. Midway through the shot, the man turns toward the viewer and shakes his head. These are the only people in the scene; the surroundings are open and calm. They hold a relaxed photo pose, bodies settled and steady, gesturing with their hands. Photoreal, natural lighting.	1	human	person
parking_night_solo	pan_left	A young man in a hoodie with a buzz cut leaning against a concrete pillar in a dim parking garage at night. Eye-level long take with a panning sweep from right to left. Midway through the shot, the man turns toward the viewer and shakes his head. These are the only people in the scene; the surroundings are open and calm. They hold a relaxed photo pose, bodies settled and steady, gesturing with their hands. Photoreal, natural lighting.	A young man in a hoodie with a buzz cut leaning against a concrete pillar in a dim parking garage at night. Eye-level long take. Midway through the shot, the man turns toward the viewer and shakes his head. These are the only people in the scene; the surroundings are open and calm. They hold a relaxed photo pose, bodies settled and steady, gesturing with their hands. Photoreal, natural lighting.	1	human	person
parking_night_solo	pan_right	A young man in a hoodie with a buzz cut leaning against a concrete pillar in a dim parking garage at night. Eye-level long take with a panning sweep from left to right. Midway through the shot, the man turns toward the viewer and shakes his head. These are the only people in the scene; the surroundings are open and calm. They hold a relaxed photo pose, bodies settled and steady, gesturing with their hands. Photoreal, natural lighting.	A young man in a hoodie with a buzz cut leaning against a concrete pillar in a dim parking garage at night. Eye-level long take. Midway through the shot, the man turns toward the viewer and shakes his head. These are the only people in the scene; the surroundings are open and calm. They hold a relaxed photo pose, bodies settled and steady, gesturing with their hands. Photoreal, natural lighting.	1	human	person
parking_night_solo	dolly	A young man in a hoodie with a buzz cut leaning against a concrete pillar in a dim parking garage at night. Eye-level long take with a forward dolly, advancing through the scene toward the subject. Midway through the shot, the man turns toward the viewer and shakes his head. These are the only people in the scene; the surroundings are open and calm. They hold a relaxed photo pose, bodies settled and steady, gesturing with their hands. Photoreal, natural lighting.	A young man in a hoodie with a buzz cut leaning against a concrete pillar in a dim parking garage at night. Eye-level long take. Midway through the shot, the man turns toward the viewer and shakes his head. These are the only people in the scene; the surroundings are open and calm. They hold a relaxed photo pose, bodies settled and steady, gesturing with their hands. Photoreal, natural lighting.	1	human	person
parking_night_solo	orbit_left	A young man in a hoodie with a buzz cut leaning against a concrete pillar in a dim parking garage at night. Eye-level long take with a side arc moving to the left around the subject. Midway through the shot, the man turns toward the viewer and shakes his head. These are the only people in the scene; the surroundings are open and calm. They hold a relaxed photo pose, bodies settled and steady, gesturing with their hands. Photoreal, natural lighting.	A young man in a hoodie with a buzz cut leaning against a concrete pillar in a dim parking garage at night. Eye-level long take. Midway through the shot, the man turns toward the viewer and shakes his head. These are the only people in the scene; the surroundings are open and calm. They hold a relaxed photo pose, bodies settled and steady, gesturing with their hands. Photoreal, natural lighting.	1	human	person
parking_night_solo	orbit_right	A young man in a hoodie with a buzz cut leaning against a concrete pillar in a dim parking garage at night. Eye-level long take with a side arc moving to the right around the subject. Midway through the shot, the man turns toward the viewer and shakes his head. These are the only people in the scene; the surroundings are open and calm. They hold a relaxed photo pose, bodies settled and steady, gesturing with their hands. Photoreal, natural lighting.	A young man in a hoodie with a buzz cut leaning against a concrete pillar in a dim parking garage at night. Eye-level long take. Midway through the shot, the man turns toward the viewer and shakes his head. These are the only people in the scene; the surroundings are open and calm. They hold a relaxed photo pose, bodies settled and steady, gesturing with their hands. Photoreal, natural lighting.	1	human	person
bookstore_aisle_solo	static	A bespectacled middle-aged woman with a grey bun in a cozy sweater browsing a tall shelf in a deserted, warm wooden bookstore aisle. Eye-level long take. Midway through the shot, the woman turns to the viewer with a facepalm. These are the only people in the scene; the surroundings are open and calm. They hold a relaxed photo pose, bodies settled and steady, gesturing with their hands. Photoreal, natural lighting.	A bespectacled middle-aged woman with a grey bun in a cozy sweater browsing a tall shelf in a deserted, warm wooden bookstore aisle. Eye-level long take. Midway through the shot, the woman turns to the viewer with a facepalm. These are the only people in the scene; the surroundings are open and calm. They hold a relaxed photo pose, bodies settled and steady, gesturing with their hands. Photoreal, natural lighting.	1	human	person
bookstore_aisle_solo	pan_left	A bespectacled middle-aged woman with a grey bun in a cozy sweater browsing a tall shelf in a deserted, warm wooden bookstore aisle. Eye-level long take with a panning sweep from right to left. Midway through the shot, the woman turns to the viewer with a facepalm. These are the only people in the scene; the surroundings are open and calm. They hold a relaxed photo pose, bodies settled and steady, gesturing with their hands. Photoreal, natural lighting.	A bespectacled middle-aged woman with a grey bun in a cozy sweater browsing a tall shelf in a deserted, warm wooden bookstore aisle. Eye-level long take. Midway through the shot, the woman turns to the viewer with a facepalm. These are the only people in the scene; the surroundings are open and calm. They hold a relaxed photo pose, bodies settled and steady, gesturing with their hands. Photoreal, natural lighting.	1	human	person
bookstore_aisle_solo	pan_right	A bespectacled middle-aged woman with a grey bun in a cozy sweater browsing a tall shelf in a deserted, warm wooden bookstore aisle. Eye-level long take with a panning sweep from left to right. Midway through the shot, the woman turns to the viewer with a facepalm. These are the only people in the scene; the surroundings are open and calm. They hold a relaxed photo pose, bodies settled and steady, gesturing with their hands. Photoreal, natural lighting.	A bespectacled middle-aged woman with a grey bun in a cozy sweater browsing a tall shelf in a deserted, warm wooden bookstore aisle. Eye-level long take. Midway through the shot, the woman turns to the viewer with a facepalm. These are the only people in the scene; the surroundings are open and calm. They hold a relaxed photo pose, bodies settled and steady, gesturing with their hands. Photoreal, natural lighting.	1	human	person
bookstore_aisle_solo	dolly	A bespectacled middle-aged woman with a grey bun in a cozy sweater browsing a tall shelf in a deserted, warm wooden bookstore aisle. Eye-level long take with a forward dolly, advancing through the scene toward the subject. Midway through the shot, the woman turns to the viewer with a facepalm. These are the only people in the scene; the surroundings are open and calm. They hold a relaxed photo pose, bodies settled and steady, gesturing with their hands. Photoreal, natural lighting.	A bespectacled middle-aged woman with a grey bun in a cozy sweater browsing a tall shelf in a deserted, warm wooden bookstore aisle. Eye-level long take. Midway through the shot, the woman turns to the viewer with a facepalm. These are the only people in the scene; the surroundings are open and calm. They hold a relaxed photo pose, bodies settled and steady, gesturing with their hands. Photoreal, natural lighting.	1	human	person
bookstore_aisle_solo	orbit_left	A bespectacled middle-aged woman with a grey bun in a cozy sweater browsing a tall shelf in a deserted, warm wooden bookstore aisle. Eye-level long take with a side arc moving to the left around the subject. Midway through the shot, the woman turns to the viewer with a facepalm. These are the only people in the scene; the surroundings are open and calm. They hold a relaxed photo pose, bodies settled and steady, gesturing with their hands. Photoreal, natural lighting.	A bespectacled middle-aged woman with a grey bun in a cozy sweater browsing a tall shelf in a deserted, warm wooden bookstore aisle. Eye-level long take. Midway through the shot, the woman turns to the viewer with a facepalm. These are the only people in the scene; the surroundings are open and calm. They hold a relaxed photo pose, bodies settled and steady, gesturing with their hands. Photoreal, natural lighting.	1	human	person
bookstore_aisle_solo	orbit_right	A bespectacled middle-aged woman with a grey bun in a cozy sweater browsing a tall shelf in a deserted, warm wooden bookstore aisle. Eye-level long take with a side arc moving to the right around the subject. Midway through the shot, the woman turns to the viewer with a facepalm. These are the only people in the scene; the surroundings are open and calm. They hold a relaxed photo pose, bodies settled and steady, gesturing with their hands. Photoreal, natural lighting.	A bespectacled middle-aged woman with a grey bun in a cozy sweater browsing a tall shelf in a deserted, warm wooden bookstore aisle. Eye-level long take. Midway through the shot, the woman turns to the viewer with a facepalm. These are the only people in the scene; the surroundings are open and calm. They hold a relaxed photo pose, bodies settled and steady, gesturing with their hands. Photoreal, natural lighting.	1	human	person
desert_highway_solo	static	A lone biker in a leather jacket with long grey hair standing beside a motorcycle on an empty desert highway. Eye-level long take. Midway through the shot, the biker turns to the viewer and gives a thumbs-down. These are the only people in the scene; the surroundings are open and calm. They hold a relaxed photo pose, bodies settled and steady, gesturing with their hands. Photoreal, natural lighting.	A lone biker in a leather jacket with long grey hair standing beside a motorcycle on an empty desert highway. Eye-level long take. Midway through the shot, the biker turns to the viewer and gives a thumbs-down. These are the only people in the scene; the surroundings are open and calm. They hold a relaxed photo pose, bodies settled and steady, gesturing with their hands. Photoreal, natural lighting.	1	human	person
desert_highway_solo	pan_left	A lone biker in a leather jacket with long grey hair standing beside a motorcycle on an empty desert highway. Eye-level long take with a panning sweep from right to left. Midway through the shot, the biker turns to the viewer and gives a thumbs-down. These are the only people in the scene; the surroundings are open and calm. They hold a relaxed photo pose, bodies settled and steady, gesturing with their hands. Photoreal, natural lighting.	A lone biker in a leather jacket with long grey hair standing beside a motorcycle on an empty desert highway. Eye-level long take. Midway through the shot, the biker turns to the viewer and gives a thumbs-down. These are the only people in the scene; the surroundings are open and calm. They hold a relaxed photo pose, bodies settled and steady, gesturing with their hands. Photoreal, natural lighting.	1	human	person
desert_highway_solo	pan_right	A lone biker in a leather jacket with long grey hair standing beside a motorcycle on an empty desert highway. Eye-level long take with a panning sweep from left to right. Midway through the shot, the biker turns to the viewer and gives a thumbs-down. These are the only people in the scene; the surroundings are open and calm. They hold a relaxed photo pose, bodies settled and steady, gesturing with their hands. Photoreal, natural lighting.	A lone biker in a leather jacket with long grey hair standing beside a motorcycle on an empty desert highway. Eye-level long take. Midway through the shot, the biker turns to the viewer and gives a thumbs-down. These are the only people in the scene; the surroundings are open and calm. They hold a relaxed photo pose, bodies settled and steady, gesturing with their hands. Photoreal, natural lighting.	1	human	person
desert_highway_solo	dolly	A lone biker in a leather jacket with long grey hair standing beside a motorcycle on an empty desert highway. Eye-level long take with a forward dolly, advancing through the scene toward the subject. Midway through the shot, the biker turns to the viewer and gives a thumbs-down. These are the only people in the scene; the surroundings are open and calm. They hold a relaxed photo pose, bodies settled and steady, gesturing with their hands. Photoreal, natural lighting.	A lone biker in a leather jacket with long grey hair standing beside a motorcycle on an empty desert highway. Eye-level long take. Midway through the shot, the biker turns to the viewer and gives a thumbs-down. These are the only people in the scene; the surroundings are open and calm. They hold a relaxed photo pose, bodies settled and steady, gesturing with their hands. Photoreal, natural lighting.	1	human	person
desert_highway_solo	orbit_left	A lone biker in a leather jacket with long grey hair standing beside a motorcycle on an empty desert highway. Eye-level long take with a side arc moving to the left around the subject. Midway through the shot, the biker turns to the viewer and gives a thumbs-down. These are the only people in the scene; the surroundings are open and calm. They hold a relaxed photo pose, bodies settled and steady, gesturing with their hands. Photoreal, natural lighting.	A lone biker in a leather jacket with long grey hair standing beside a motorcycle on an empty desert highway. Eye-level long take. Midway through the shot, the biker turns to the viewer and gives a thumbs-down. These are the only people in the scene; the surroundings are open and calm. They hold a relaxed photo pose, bodies settled and steady, gesturing with their hands. Photoreal, natural lighting.	1	human	person
desert_highway_solo	orbit_right	A lone biker in a leather jacket with long grey hair standing beside a motorcycle on an empty desert highway. Eye-level long take with a side arc moving to the right around the subject. Midway through the shot, the biker turns to the viewer and gives a thumbs-down. These are the only people in the scene; the surroundings are open and calm. They hold a relaxed photo pose, bodies settled and steady, gesturing with their hands. Photoreal, natural lighting.	A lone biker in a leather jacket with long grey hair standing beside a motorcycle on an empty desert highway. Eye-level long take. Midway through the shot, the biker turns to the viewer and gives a thumbs-down. These are the only people in the scene; the surroundings are open and calm. They hold a relaxed photo pose, bodies settled and steady, gesturing with their hands. Photoreal, natural lighting.	1	human	person
fishing_pier_solo	static	An old fisherman with a weathered face in a yellow rain hat sitting on a wooden fishing pier with a rod. Eye-level long take. Midway through the shot, the fisherman turns to the viewer, smiles, and tips his hat in greeting. These are the only people in the scene; the surroundings are open and calm. They hold a relaxed photo pose, bodies settled and steady, gesturing with their hands. Photoreal, natural lighting.	An old fisherman with a weathered face in a yellow rain hat sitting on a wooden fishing pier with a rod. Eye-level long take. Midway through the shot, the fisherman turns to the viewer, smiles, and tips his hat in greeting. These are the only people in the scene; the surroundings are open and calm. They hold a relaxed photo pose, bodies settled and steady, gesturing with their hands. Photoreal, natural lighting.	1	human	person
fishing_pier_solo	pan_left	An old fisherman with a weathered face in a yellow rain hat sitting on a wooden fishing pier with a rod. Eye-level long take with a panning sweep from right to left. Midway through the shot, the fisherman turns to the viewer, smiles, and tips his hat in greeting. These are the only people in the scene; the surroundings are open and calm. They hold a relaxed photo pose, bodies settled and steady, gesturing with their hands. Photoreal, natural lighting.	An old fisherman with a weathered face in a yellow rain hat sitting on a wooden fishing pier with a rod. Eye-level long take. Midway through the shot, the fisherman turns to the viewer, smiles, and tips his hat in greeting. These are the only people in the scene; the surroundings are open and calm. They hold a relaxed photo pose, bodies settled and steady, gesturing with their hands. Photoreal, natural lighting.	1	human	person
fishing_pier_solo	pan_right	An old fisherman with a weathered face in a yellow rain hat sitting on a wooden fishing pier with a rod. Eye-level long take with a panning sweep from left to right. Midway through the shot, the fisherman turns to the viewer, smiles, and tips his hat in greeting. These are the only people in the scene; the surroundings are open and calm. They hold a relaxed photo pose, bodies settled and steady, gesturing with their hands. Photoreal, natural lighting.	An old fisherman with a weathered face in a yellow rain hat sitting on a wooden fishing pier with a rod. Eye-level long take. Midway through the shot, the fisherman turns to the viewer, smiles, and tips his hat in greeting. These are the only people in the scene; the surroundings are open and calm. They hold a relaxed photo pose, bodies settled and steady, gesturing with their hands. Photoreal, natural lighting.	1	human	person
fishing_pier_solo	dolly	An old fisherman with a weathered face in a yellow rain hat sitting on a wooden fishing pier with a rod. Eye-level long take with a forward dolly, advancing through the scene toward the subject. Midway through the shot, the fisherman turns to the viewer, smiles, and tips his hat in greeting. These are the only people in the scene; the surroundings are open and calm. They hold a relaxed photo pose, bodies settled and steady, gesturing with their hands. Photoreal, natural lighting.	An old fisherman with a weathered face in a yellow rain hat sitting on a wooden fishing pier with a rod. Eye-level long take. Midway through the shot, the fisherman turns to the viewer, smiles, and tips his hat in greeting. These are the only people in the scene; the surroundings are open and calm. They hold a relaxed photo pose, bodies settled and steady, gesturing with their hands. Photoreal, natural lighting.	1	human	person
fishing_pier_solo	orbit_left	An old fisherman with a weathered face in a yellow rain hat sitting on a wooden fishing pier with a rod. Eye-level long take with a side arc moving to the left around the subject. Midway through the shot, the fisherman turns to the viewer, smiles, and tips his hat in greeting. These are the only people in the scene; the surroundings are open and calm. They hold a relaxed photo pose, bodies settled and steady, gesturing with their hands. Photoreal, natural lighting.	An old fisherman with a weathered face in a yellow rain hat sitting on a wooden fishing pier with a rod. Eye-level long take. Midway through the shot, the fisherman turns to the viewer, smiles, and tips his hat in greeting. These are the only people in the scene; the surroundings are open and calm. They hold a relaxed photo pose, bodies settled and steady, gesturing with their hands. Photoreal, natural lighting.	1	human	person
fishing_pier_solo	orbit_right	An old fisherman with a weathered face in a yellow rain hat sitting on a wooden fishing pier with a rod. Eye-level long take with a side arc moving to the right around the subject. Midway through the shot, the fisherman turns to the viewer, smiles, and tips his hat in greeting. These are the only people in the scene; the surroundings are open and calm. They hold a relaxed photo pose, bodies settled and steady, gesturing with their hands. Photoreal, natural lighting.	An old fisherman with a weathered face in a yellow rain hat sitting on a wooden fishing pier with a rod. Eye-level long take. Midway through the shot, the fisherman turns to the viewer, smiles, and tips his hat in greeting. These are the only people in the scene; the surroundings are open and calm. They hold a relaxed photo pose, bodies settled and steady, gesturing with their hands. Photoreal, natural lighting.	1	human	person
windowsill_cat_solo	static	A fluffy orange tabby cat lying curled up resting on a sunlit wooden windowsill. Eye-level long take. Midway through the shot, the cat turns its head toward the viewer, blinks slowly, and gives a lazy flick of one ear. It is the only creature in the scene; the surroundings are open and calm. It stays lying in place, its body resting and still, moving only its head. Photoreal, natural lighting.	A fluffy orange tabby cat lying curled up resting on a sunlit wooden windowsill. Eye-level long take. Midway through the shot, the cat turns its head toward the viewer, blinks slowly, and gives a lazy flick of one ear. It is the only creature in the scene; the surroundings are open and calm. It stays lying in place, its body resting and still, moving only its head. Photoreal, natural lighting.	1	animal	cat
windowsill_cat_solo	pan_left	A fluffy orange tabby cat lying curled up resting on a sunlit wooden windowsill. Eye-level long take with a panning sweep from right to left. Midway through the shot, the cat turns its head toward the viewer, blinks slowly, and gives a lazy flick of one ear. It is the only creature in the scene; the surroundings are open and calm. It stays lying in place, its body resting and still, moving only its head. Photoreal, natural lighting.	A fluffy orange tabby cat lying curled up resting on a sunlit wooden windowsill. Eye-level long take. Midway through the shot, the cat turns its head toward the viewer, blinks slowly, and gives a lazy flick of one ear. It is the only creature in the scene; the surroundings are open and calm. It stays lying in place, its body resting and still, moving only its head. Photoreal, natural lighting.	1	animal	cat
windowsill_cat_solo	pan_right	A fluffy orange tabby cat lying curled up resting on a sunlit wooden windowsill. Eye-level long take with a panning sweep from left to right. Midway through the shot, the cat turns its head toward the viewer, blinks slowly, and gives a lazy flick of one ear. It is the only creature in the scene; the surroundings are open and calm. It stays lying in place, its body resting and still, moving only its head. Photoreal, natural lighting.	A fluffy orange tabby cat lying curled up resting on a sunlit wooden windowsill. Eye-level long take. Midway through the shot, the cat turns its head toward the viewer, blinks slowly, and gives a lazy flick of one ear. It is the only creature in the scene; the surroundings are open and calm. It stays lying in place, its body resting and still, moving only its head. Photoreal, natural lighting.	1	animal	cat
windowsill_cat_solo	dolly	A fluffy orange tabby cat lying curled up resting on a sunlit wooden windowsill. Eye-level long take with a forward dolly, advancing through the scene toward the subject. Midway through the shot, the cat turns its head toward the viewer, blinks slowly, and gives a lazy flick of one ear. It is the only creature in the scene; the surroundings are open and calm. It stays lying in place, its body resting and still, moving only its head. Photoreal, natural lighting.	A fluffy orange tabby cat lying curled up resting on a sunlit wooden windowsill. Eye-level long take. Midway through the shot, the cat turns its head toward the viewer, blinks slowly, and gives a lazy flick of one ear. It is the only creature in the scene; the surroundings are open and calm. It stays lying in place, its body resting and still, moving only its head. Photoreal, natural lighting.	1	animal	cat
windowsill_cat_solo	orbit_left	A fluffy orange tabby cat lying curled up resting on a sunlit wooden windowsill. Eye-level long take with a side arc moving to the left around the subject. Midway through the shot, the cat turns its head toward the viewer, blinks slowly, and gives a lazy flick of one ear. It is the only creature in the scene; the surroundings are open and calm. It stays lying in place, its body resting and still, moving only its head. Photoreal, natural lighting.	A fluffy orange tabby cat lying curled up resting on a sunlit wooden windowsill. Eye-level long take. Midway through the shot, the cat turns its head toward the viewer, blinks slowly, and gives a lazy flick of one ear. It is the only creature in the scene; the surroundings are open and calm. It stays lying in place, its body resting and still, moving only its head. Photoreal, natural lighting.	1	animal	cat
windowsill_cat_solo	orbit_right	A fluffy orange tabby cat lying curled up resting on a sunlit wooden windowsill. Eye-level long take with a side arc moving to the right around the subject. Midway through the shot, the cat turns its head toward the viewer, blinks slowly, and gives a lazy flick of one ear. It is the only creature in the scene; the surroundings are open and calm. It stays lying in place, its body resting and still, moving only its head. Photoreal, natural lighting.	A fluffy orange tabby cat lying curled up resting on a sunlit wooden windowsill. Eye-level long take. Midway through the shot, the cat turns its head toward the viewer, blinks slowly, and gives a lazy flick of one ear. It is the only creature in the scene; the surroundings are open and calm. It stays lying in place, its body resting and still, moving only its head. Photoreal, natural lighting.	1	animal	cat
yard_dog_solo	static	A golden retriever lying down resting on the grass of a sunlit backyard. Eye-level long take. Midway through the shot, the dog lifts and turns its head toward the viewer, ears perking, giving a soft open-mouthed pant. It is the only creature in the scene; the surroundings are open and calm. It stays lying down in place, its body resting on the grass, moving only its head and ears. Photoreal, natural lighting.	A golden retriever lying down resting on the grass of a sunlit backyard. Eye-level long take. Midway through the shot, the dog lifts and turns its head toward the viewer, ears perking, giving a soft open-mouthed pant. It is the only creature in the scene; the surroundings are open and calm. It stays lying down in place, its body resting on the grass, moving only its head and ears. Photoreal, natural lighting.	1	animal	dog
yard_dog_solo	pan_left	A golden retriever lying down resting on the grass of a sunlit backyard. Eye-level long take with a panning sweep from right to left. Midway through the shot, the dog lifts and turns its head toward the viewer, ears perking, giving a soft open-mouthed pant. It is the only creature in the scene; the surroundings are open and calm. It stays lying down in place, its body resting on the grass, moving only its head and ears. Photoreal, natural lighting.	A golden retriever lying down resting on the grass of a sunlit backyard. Eye-level long take. Midway through the shot, the dog lifts and turns its head toward the viewer, ears perking, giving a soft open-mouthed pant. It is the only creature in the scene; the surroundings are open and calm. It stays lying down in place, its body resting on the grass, moving only its head and ears. Photoreal, natural lighting.	1	animal	dog
yard_dog_solo	pan_right	A golden retriever lying down resting on the grass of a sunlit backyard. Eye-level long take with a panning sweep from left to right. Midway through the shot, the dog lifts and turns its head toward the viewer, ears perking, giving a soft open-mouthed pant. It is the only creature in the scene; the surroundings are open and calm. It stays lying down in place, its body resting on the grass, moving only its head and ears. Photoreal, natural lighting.	A golden retriever lying down resting on the grass of a sunlit backyard. Eye-level long take. Midway through the shot, the dog lifts and turns its head toward the viewer, ears perking, giving a soft open-mouthed pant. It is the only creature in the scene; the surroundings are open and calm. It stays lying down in place, its body resting on the grass, moving only its head and ears. Photoreal, natural lighting.	1	animal	dog
yard_dog_solo	dolly	A golden retriever lying down resting on the grass of a sunlit backyard. Eye-level long take with a forward dolly, advancing through the scene toward the subject. Midway through the shot, the dog lifts and turns its head toward the viewer, ears perking, giving a soft open-mouthed pant. It is the only creature in the scene; the surroundings are open and calm. It stays lying down in place, its body resting on the grass, moving only its head and ears. Photoreal, natural lighting.	A golden retriever lying down resting on the grass of a sunlit backyard. Eye-level long take. Midway through the shot, the dog lifts and turns its head toward the viewer, ears perking, giving a soft open-mouthed pant. It is the only creature in the scene; the surroundings are open and calm. It stays lying down in place, its body resting on the grass, moving only its head and ears. Photoreal, natural lighting.	1	animal	dog
yard_dog_solo	orbit_left	A golden retriever lying down resting on the grass of a sunlit backyard. Eye-level long take with a side arc moving to the left around the subject. Midway through the shot, the dog lifts and turns its head toward the viewer, ears perking, giving a soft open-mouthed pant. It is the only creature in the scene; the surroundings are open and calm. It stays lying down in place, its body resting on the grass, moving only its head and ears. Photoreal, natural lighting.	A golden retriever lying down resting on the grass of a sunlit backyard. Eye-level long take. Midway through the shot, the dog lifts and turns its head toward the viewer, ears perking, giving a soft open-mouthed pant. It is the only creature in the scene; the surroundings are open and calm. It stays lying down in place, its body resting on the grass, moving only its head and ears. Photoreal, natural lighting.	1	animal	dog
yard_dog_solo	orbit_right	A golden retriever lying down resting on the grass of a sunlit backyard. Eye-level long take with a side arc moving to the right around the subject. Midway through the shot, the dog lifts and turns its head toward the viewer, ears perking, giving a soft open-mouthed pant. It is the only creature in the scene; the surroundings are open and calm. It stays lying down in place, its body resting on the grass, moving only its head and ears. Photoreal, natural lighting.	A golden retriever lying down resting on the grass of a sunlit backyard. Eye-level long take. Midway through the shot, the dog lifts and turns its head toward the viewer, ears perking, giving a soft open-mouthed pant. It is the only creature in the scene; the surroundings are open and calm. It stays lying down in place, its body resting on the grass, moving only its head and ears. Photoreal, natural lighting.	1	animal	dog
log_snake_solo	static	A slender green tree snake lying coiled and still on a mossy fallen log in a forest clearing. Eye-level long take. Midway through the shot, the snake raises its head toward the viewer and flicks its forked tongue out again and again. It is the only creature in the scene; the surroundings are open and calm. It stays lying coiled in place, its body settled on the log, moving only its head and tongue. Photoreal, natural lighting.	A slender green tree snake lying coiled and still on a mossy fallen log in a forest clearing. Eye-level long take. Midway through the shot, the snake raises its head toward the viewer and flicks its forked tongue out again and again. It is the only creature in the scene; the surroundings are open and calm. It stays lying coiled in place, its body settled on the log, moving only its head and tongue. Photoreal, natural lighting.	1	animal	noperson
log_snake_solo	pan_left	A slender green tree snake lying coiled and still on a mossy fallen log in a forest clearing. Eye-level long take with a panning sweep from right to left. Midway through the shot, the snake raises its head toward the viewer and flicks its forked tongue out again and again. It is the only creature in the scene; the surroundings are open and calm. It stays lying coiled in place, its body settled on the log, moving only its head and tongue. Photoreal, natural lighting.	A slender green tree snake lying coiled and still on a mossy fallen log in a forest clearing. Eye-level long take. Midway through the shot, the snake raises its head toward the viewer and flicks its forked tongue out again and again. It is the only creature in the scene; the surroundings are open and calm. It stays lying coiled in place, its body settled on the log, moving only its head and tongue. Photoreal, natural lighting.	1	animal	noperson
log_snake_solo	pan_right	A slender green tree snake lying coiled and still on a mossy fallen log in a forest clearing. Eye-level long take with a panning sweep from left to right. Midway through the shot, the snake raises its head toward the viewer and flicks its forked tongue out again and again. It is the only creature in the scene; the surroundings are open and calm. It stays lying coiled in place, its body settled on the log, moving only its head and tongue. Photoreal, natural lighting.	A slender green tree snake lying coiled and still on a mossy fallen log in a forest clearing. Eye-level long take. Midway through the shot, the snake raises its head toward the viewer and flicks its forked tongue out again and again. It is the only creature in the scene; the surroundings are open and calm. It stays lying coiled in place, its body settled on the log, moving only its head and tongue. Photoreal, natural lighting.	1	animal	noperson
log_snake_solo	dolly	A slender green tree snake lying coiled and still on a mossy fallen log in a forest clearing. Eye-level long take with a forward dolly, advancing through the scene toward the subject. Midway through the shot, the snake raises its head toward the viewer and flicks its forked tongue out again and again. It is the only creature in the scene; the surroundings are open and calm. It stays lying coiled in place, its body settled on the log, moving only its head and tongue. Photoreal, natural lighting.	A slender green tree snake lying coiled and still on a mossy fallen log in a forest clearing. Eye-level long take. Midway through the shot, the snake raises its head toward the viewer and flicks its forked tongue out again and again. It is the only creature in the scene; the surroundings are open and calm. It stays lying coiled in place, its body settled on the log, moving only its head and tongue. Photoreal, natural lighting.	1	animal	noperson
log_snake_solo	orbit_left	A slender green tree snake lying coiled and still on a mossy fallen log in a forest clearing. Eye-level long take with a side arc moving to the left around the subject. Midway through the shot, the snake raises its head toward the viewer and flicks its forked tongue out again and again. It is the only creature in the scene; the surroundings are open and calm. It stays lying coiled in place, its body settled on the log, moving only its head and tongue. Photoreal, natural lighting.	A slender green tree snake lying coiled and still on a mossy fallen log in a forest clearing. Eye-level long take. Midway through the shot, the snake raises its head toward the viewer and flicks its forked tongue out again and again. It is the only creature in the scene; the surroundings are open and calm. It stays lying coiled in place, its body settled on the log, moving only its head and tongue. Photoreal, natural lighting.	1	animal	noperson
log_snake_solo	orbit_right	A slender green tree snake lying coiled and still on a mossy fallen log in a forest clearing. Eye-level long take with a side arc moving to the right around the subject. Midway through the shot, the snake raises its head toward the viewer and flicks its forked tongue out again and again. It is the only creature in the scene; the surroundings are open and calm. It stays lying coiled in place, its body settled on the log, moving only its head and tongue. Photoreal, natural lighting.	A slender green tree snake lying coiled and still on a mossy fallen log in a forest clearing. Eye-level long take. Midway through the shot, the snake raises its head toward the viewer and flicks its forked tongue out again and again. It is the only creature in the scene; the surroundings are open and calm. It stays lying coiled in place, its body settled on the log, moving only its head and tongue. Photoreal, natural lighting.	1	animal	noperson
savanna_elephant_solo	static	A young elephant calf lying down resting in tall golden savanna grass. Eye-level long take. Midway through the shot, the elephant lifts its head and curls its trunk up toward the viewer, ears flapping. It is the only creature in the scene; the surroundings are open and calm. It stays lying down in place, its body resting in the grass, moving only its head, trunk, and ears. Photoreal, natural lighting.	A young elephant calf lying down resting in tall golden savanna grass. Eye-level long take. Midway through the shot, the elephant lifts its head and curls its trunk up toward the viewer, ears flapping. It is the only creature in the scene; the surroundings are open and calm. It stays lying down in place, its body resting in the grass, moving only its head, trunk, and ears. Photoreal, natural lighting.	1	animal	elephant
savanna_elephant_solo	pan_left	A young elephant calf lying down resting in tall golden savanna grass. Eye-level long take with a panning sweep from right to left. Midway through the shot, the elephant lifts its head and curls its trunk up toward the viewer, ears flapping. It is the only creature in the scene; the surroundings are open and calm. It stays lying down in place, its body resting in the grass, moving only its head, trunk, and ears. Photoreal, natural lighting.	A young elephant calf lying down resting in tall golden savanna grass. Eye-level long take. Midway through the shot, the elephant lifts its head and curls its trunk up toward the viewer, ears flapping. It is the only creature in the scene; the surroundings are open and calm. It stays lying down in place, its body resting in the grass, moving only its head, trunk, and ears. Photoreal, natural lighting.	1	animal	elephant
savanna_elephant_solo	pan_right	A young elephant calf lying down resting in tall golden savanna grass. Eye-level long take with a panning sweep from left to right. Midway through the shot, the elephant lifts its head and curls its trunk up toward the viewer, ears flapping. It is the only creature in the scene; the surroundings are open and calm. It stays lying down in place, its body resting in the grass, moving only its head, trunk, and ears. Photoreal, natural lighting.	A young elephant calf lying down resting in tall golden savanna grass. Eye-level long take. Midway through the shot, the elephant lifts its head and curls its trunk up toward the viewer, ears flapping. It is the only creature in the scene; the surroundings are open and calm. It stays lying down in place, its body resting in the grass, moving only its head, trunk, and ears. Photoreal, natural lighting.	1	animal	elephant
savanna_elephant_solo	dolly	A young elephant calf lying down resting in tall golden savanna grass. Eye-level long take with a forward dolly, advancing through the scene toward the subject. Midway through the shot, the elephant lifts its head and curls its trunk up toward the viewer, ears flapping. It is the only creature in the scene; the surroundings are open and calm. It stays lying down in place, its body resting in the grass, moving only its head, trunk, and ears. Photoreal, natural lighting.	A young elephant calf lying down resting in tall golden savanna grass. Eye-level long take. Midway through the shot, the elephant lifts its head and curls its trunk up toward the viewer, ears flapping. It is the only creature in the scene; the surroundings are open and calm. It stays lying down in place, its body resting in the grass, moving only its head, trunk, and ears. Photoreal, natural lighting.	1	animal	elephant
savanna_elephant_solo	orbit_left	A young elephant calf lying down resting in tall golden savanna grass. Eye-level long take with a side arc moving to the left around the subject. Midway through the shot, the elephant lifts its head and curls its trunk up toward the viewer, ears flapping. It is the only creature in the scene; the surroundings are open and calm. It stays lying down in place, its body resting in the grass, moving only its head, trunk, and ears. Photoreal, natural lighting.	A young elephant calf lying down resting in tall golden savanna grass. Eye-level long take. Midway through the shot, the elephant lifts its head and curls its trunk up toward the viewer, ears flapping. It is the only creature in the scene; the surroundings are open and calm. It stays lying down in place, its body resting in the grass, moving only its head, trunk, and ears. Photoreal, natural lighting.	1	animal	elephant
savanna_elephant_solo	orbit_right	A young elephant calf lying down resting in tall golden savanna grass. Eye-level long take with a side arc moving to the right around the subject. Midway through the shot, the elephant lifts its head and curls its trunk up toward the viewer, ears flapping. It is the only creature in the scene; the surroundings are open and calm. It stays lying down in place, its body resting in the grass, moving only its head, trunk, and ears. Photoreal, natural lighting.	A young elephant calf lying down resting in tall golden savanna grass. Eye-level long take. Midway through the shot, the elephant lifts its head and curls its trunk up toward the viewer, ears flapping. It is the only creature in the scene; the surroundings are open and calm. It stays lying down in place, its body resting in the grass, moving only its head, trunk, and ears. Photoreal, natural lighting.	1	animal	elephant
snow_fox_solo	static	A red fox lying curled up with its bushy tail wrapped around it resting in a snowy woodland clearing. Eye-level long take. Midway through the shot, the fox lifts its head toward the viewer, ears perking, tilting its head with a curious look. It is the only creature in the scene; the surroundings are open and calm. It stays lying curled in place, its body resting in the snow, moving only its head and ears. Photoreal, natural lighting.	A red fox lying curled up with its bushy tail wrapped around it resting in a snowy woodland clearing. Eye-level long take. Midway through the shot, the fox lifts its head toward the viewer, ears perking, tilting its head with a curious look. It is the only creature in the scene; the surroundings are open and calm. It stays lying curled in place, its body resting in the snow, moving only its head and ears. Photoreal, natural lighting.	1	animal	noperson
snow_fox_solo	pan_left	A red fox lying curled up with its bushy tail wrapped around it resting in a snowy woodland clearing. Eye-level long take with a panning sweep from right to left. Midway through the shot, the fox lifts its head toward the viewer, ears perking, tilting its head with a curious look. It is the only creature in the scene; the surroundings are open and calm. It stays lying curled in place, its body resting in the snow, moving only its head and ears. Photoreal, natural lighting.	A red fox lying curled up with its bushy tail wrapped around it resting in a snowy woodland clearing. Eye-level long take. Midway through the shot, the fox lifts its head toward the viewer, ears perking, tilting its head with a curious look. It is the only creature in the scene; the surroundings are open and calm. It stays lying curled in place, its body resting in the snow, moving only its head and ears. Photoreal, natural lighting.	1	animal	noperson
snow_fox_solo	pan_right	A red fox lying curled up with its bushy tail wrapped around it resting in a snowy woodland clearing. Eye-level long take with a panning sweep from left to right. Midway through the shot, the fox lifts its head toward the viewer, ears perking, tilting its head with a curious look. It is the only creature in the scene; the surroundings are open and calm. It stays lying curled in place, its body resting in the snow, moving only its head and ears. Photoreal, natural lighting.	A red fox lying curled up with its bushy tail wrapped around it resting in a snowy woodland clearing. Eye-level long take. Midway through the shot, the fox lifts its head toward the viewer, ears perking, tilting its head with a curious look. It is the only creature in the scene; the surroundings are open and calm. It stays lying curled in place, its body resting in the snow, moving only its head and ears. Photoreal, natural lighting.	1	animal	noperson
snow_fox_solo	dolly	A red fox lying curled up with its bushy tail wrapped around it resting in a snowy woodland clearing. Eye-level long take with a forward dolly, advancing through the scene toward the subject. Midway through the shot, the fox lifts its head toward the viewer, ears perking, tilting its head with a curious look. It is the only creature in the scene; the surroundings are open and calm. It stays lying curled in place, its body resting in the snow, moving only its head and ears. Photoreal, natural lighting.	A red fox lying curled up with its bushy tail wrapped around it resting in a snowy woodland clearing. Eye-level long take. Midway through the shot, the fox lifts its head toward the viewer, ears perking, tilting its head with a curious look. It is the only creature in the scene; the surroundings are open and calm. It stays lying curled in place, its body resting in the snow, moving only its head and ears. Photoreal, natural lighting.	1	animal	noperson
snow_fox_solo	orbit_left	A red fox lying curled up with its bushy tail wrapped around it resting in a snowy woodland clearing. Eye-level long take with a side arc moving to the left around the subject. Midway through the shot, the fox lifts its head toward the viewer, ears perking, tilting its head with a curious look. It is the only creature in the scene; the surroundings are open and calm. It stays lying curled in place, its body resting in the snow, moving only its head and ears. Photoreal, natural lighting.	A red fox lying curled up with its bushy tail wrapped around it resting in a snowy woodland clearing. Eye-level long take. Midway through the shot, the fox lifts its head toward the viewer, ears perking, tilting its head with a curious look. It is the only creature in the scene; the surroundings are open and calm. It stays lying curled in place, its body resting in the snow, moving only its head and ears. Photoreal, natural lighting.	1	animal	noperson
snow_fox_solo	orbit_right	A red fox lying curled up with its bushy tail wrapped around it resting in a snowy woodland clearing. Eye-level long take with a side arc moving to the right around the subject. Midway through the shot, the fox lifts its head toward the viewer, ears perking, tilting its head with a curious look. It is the only creature in the scene; the surroundings are open and calm. It stays lying curled in place, its body resting in the snow, moving only its head and ears. Photoreal, natural lighting.	A red fox lying curled up with its bushy tail wrapped around it resting in a snowy woodland clearing. Eye-level long take. Midway through the shot, the fox lifts its head toward the viewer, ears perking, tilting its head with a curious look. It is the only creature in the scene; the surroundings are open and calm. It stays lying curled in place, its body resting in the snow, moving only its head and ears. Photoreal, natural lighting.	1	animal	noperson
shelf_teddy_solo	static	A small brown plush teddy bear sitting on a wooden shelf in a cozy room. Eye-level long take. Midway through the shot, the teddy bear comes alive, turns toward the viewer, and lifts a paw in a friendly wave. It is the only figure in the scene; the surroundings are open and calm. It stays seated in place, its body settled on the shelf, moving only its head and paw. Photoreal, natural lighting.	A small brown plush teddy bear sitting on a wooden shelf in a cozy room. Eye-level long take. Midway through the shot, the teddy bear comes alive, turns toward the viewer, and lifts a paw in a friendly wave. It is the only figure in the scene; the surroundings are open and calm. It stays seated in place, its body settled on the shelf, moving only its head and paw. Photoreal, natural lighting.	1	toy	noperson
shelf_teddy_solo	pan_left	A small brown plush teddy bear sitting on a wooden shelf in a cozy room. Eye-level long take with a panning sweep from right to left. Midway through the shot, the teddy bear comes alive, turns toward the viewer, and lifts a paw in a friendly wave. It is the only figure in the scene; the surroundings are open and calm. It stays seated in place, its body settled on the shelf, moving only its head and paw. Photoreal, natural lighting.	A small brown plush teddy bear sitting on a wooden shelf in a cozy room. Eye-level long take. Midway through the shot, the teddy bear comes alive, turns toward the viewer, and lifts a paw in a friendly wave. It is the only figure in the scene; the surroundings are open and calm. It stays seated in place, its body settled on the shelf, moving only its head and paw. Photoreal, natural lighting.	1	toy	noperson
shelf_teddy_solo	pan_right	A small brown plush teddy bear sitting on a wooden shelf in a cozy room. Eye-level long take with a panning sweep from left to right. Midway through the shot, the teddy bear comes alive, turns toward the viewer, and lifts a paw in a friendly wave. It is the only figure in the scene; the surroundings are open and calm. It stays seated in place, its body settled on the shelf, moving only its head and paw. Photoreal, natural lighting.	A small brown plush teddy bear sitting on a wooden shelf in a cozy room. Eye-level long take. Midway through the shot, the teddy bear comes alive, turns toward the viewer, and lifts a paw in a friendly wave. It is the only figure in the scene; the surroundings are open and calm. It stays seated in place, its body settled on the shelf, moving only its head and paw. Photoreal, natural lighting.	1	toy	noperson
shelf_teddy_solo	dolly	A small brown plush teddy bear sitting on a wooden shelf in a cozy room. Eye-level long take with a forward dolly, advancing through the scene toward the subject. Midway through the shot, the teddy bear comes alive, turns toward the viewer, and lifts a paw in a friendly wave. It is the only figure in the scene; the surroundings are open and calm. It stays seated in place, its body settled on the shelf, moving only its head and paw. Photoreal, natural lighting.	A small brown plush teddy bear sitting on a wooden shelf in a cozy room. Eye-level long take. Midway through the shot, the teddy bear comes alive, turns toward the viewer, and lifts a paw in a friendly wave. It is the only figure in the scene; the surroundings are open and calm. It stays seated in place, its body settled on the shelf, moving only its head and paw. Photoreal, natural lighting.	1	toy	noperson
shelf_teddy_solo	orbit_left	A small brown plush teddy bear sitting on a wooden shelf in a cozy room. Eye-level long take with a side arc moving to the left around the subject. Midway through the shot, the teddy bear comes alive, turns toward the viewer, and lifts a paw in a friendly wave. It is the only figure in the scene; the surroundings are open and calm. It stays seated in place, its body settled on the shelf, moving only its head and paw. Photoreal, natural lighting.	A small brown plush teddy bear sitting on a wooden shelf in a cozy room. Eye-level long take. Midway through the shot, the teddy bear comes alive, turns toward the viewer, and lifts a paw in a friendly wave. It is the only figure in the scene; the surroundings are open and calm. It stays seated in place, its body settled on the shelf, moving only its head and paw. Photoreal, natural lighting.	1	toy	noperson
shelf_teddy_solo	orbit_right	A small brown plush teddy bear sitting on a wooden shelf in a cozy room. Eye-level long take with a side arc moving to the right around the subject. Midway through the shot, the teddy bear comes alive, turns toward the viewer, and lifts a paw in a friendly wave. It is the only figure in the scene; the surroundings are open and calm. It stays seated in place, its body settled on the shelf, moving only its head and paw. Photoreal, natural lighting.	A small brown plush teddy bear sitting on a wooden shelf in a cozy room. Eye-level long take. Midway through the shot, the teddy bear comes alive, turns toward the viewer, and lifts a paw in a friendly wave. It is the only figure in the scene; the surroundings are open and calm. It stays seated in place, its body settled on the shelf, moving only its head and paw. Photoreal, natural lighting.	1	toy	noperson
porch_skeleton_solo	static	A plastic posable skeleton figure standing on a wooden porch. Eye-level long take. Midway through the shot, the skeleton comes alive, turns its skull toward the viewer, and raises a bony hand in a wave. It is the only figure in the scene; the surroundings are open and calm. It stays standing in place, its feet planted, moving only its skull and arm. Photoreal, natural lighting.	A plastic posable skeleton figure standing on a wooden porch. Eye-level long take. Midway through the shot, the skeleton comes alive, turns its skull toward the viewer, and raises a bony hand in a wave. It is the only figure in the scene; the surroundings are open and calm. It stays standing in place, its feet planted, moving only its skull and arm. Photoreal, natural lighting.	1	toy	none
porch_skeleton_solo	pan_left	A plastic posable skeleton figure standing on a wooden porch. Eye-level long take with a panning sweep from right to left. Midway through the shot, the skeleton comes alive, turns its skull toward the viewer, and raises a bony hand in a wave. It is the only figure in the scene; the surroundings are open and calm. It stays standing in place, its feet planted, moving only its skull and arm. Photoreal, natural lighting.	A plastic posable skeleton figure standing on a wooden porch. Eye-level long take. Midway through the shot, the skeleton comes alive, turns its skull toward the viewer, and raises a bony hand in a wave. It is the only figure in the scene; the surroundings are open and calm. It stays standing in place, its feet planted, moving only its skull and arm. Photoreal, natural lighting.	1	toy	none
porch_skeleton_solo	pan_right	A plastic posable skeleton figure standing on a wooden porch. Eye-level long take with a panning sweep from left to right. Midway through the shot, the skeleton comes alive, turns its skull toward the viewer, and raises a bony hand in a wave. It is the only figure in the scene; the surroundings are open and calm. It stays standing in place, its feet planted, moving only its skull and arm. Photoreal, natural lighting.	A plastic posable skeleton figure standing on a wooden porch. Eye-level long take. Midway through the shot, the skeleton comes alive, turns its skull toward the viewer, and raises a bony hand in a wave. It is the only figure in the scene; the surroundings are open and calm. It stays standing in place, its feet planted, moving only its skull and arm. Photoreal, natural lighting.	1	toy	none
porch_skeleton_solo	dolly	A plastic posable skeleton figure standing on a wooden porch. Eye-level long take with a forward dolly, advancing through the scene toward the subject. Midway through the shot, the skeleton comes alive, turns its skull toward the viewer, and raises a bony hand in a wave. It is the only figure in the scene; the surroundings are open and calm. It stays standing in place, its feet planted, moving only its skull and arm. Photoreal, natural lighting.	A plastic posable skeleton figure standing on a wooden porch. Eye-level long take. Midway through the shot, the skeleton comes alive, turns its skull toward the viewer, and raises a bony hand in a wave. It is the only figure in the scene; the surroundings are open and calm. It stays standing in place, its feet planted, moving only its skull and arm. Photoreal, natural lighting.	1	toy	none
porch_skeleton_solo	orbit_left	A plastic posable skeleton figure standing on a wooden porch. Eye-level long take with a side arc moving to the left around the subject. Midway through the shot, the skeleton comes alive, turns its skull toward the viewer, and raises a bony hand in a wave. It is the only figure in the scene; the surroundings are open and calm. It stays standing in place, its feet planted, moving only its skull and arm. Photoreal, natural lighting.	A plastic posable skeleton figure standing on a wooden porch. Eye-level long take. Midway through the shot, the skeleton comes alive, turns its skull toward the viewer, and raises a bony hand in a wave. It is the only figure in the scene; the surroundings are open and calm. It stays standing in place, its feet planted, moving only its skull and arm. Photoreal, natural lighting.	1	toy	none
porch_skeleton_solo	orbit_right	A plastic posable skeleton figure standing on a wooden porch. Eye-level long take with a side arc moving to the right around the subject. Midway through the shot, the skeleton comes alive, turns its skull toward the viewer, and raises a bony hand in a wave. It is the only figure in the scene; the surroundings are open and calm. It stays standing in place, its feet planted, moving only its skull and arm. Photoreal, natural lighting.	A plastic posable skeleton figure standing on a wooden porch. Eye-level long take. Midway through the shot, the skeleton comes alive, turns its skull toward the viewer, and raises a bony hand in a wave. It is the only figure in the scene; the surroundings are open and calm. It stays standing in place, its feet planted, moving only its skull and arm. Photoreal, natural lighting.	1	toy	none
lab_humanoid_robot_solo	static	A sleek white humanoid robot standing in a bright minimalist laboratory. Eye-level long take. Midway through the shot, the robot turns toward the viewer, tilts its head, and raises one arm in a smooth mechanical wave. It is the only robot in the scene; the surroundings are open and calm. It stays standing in place, its feet planted, moving only its head and arm. Photoreal, natural lighting.	A sleek white humanoid robot standing in a bright minimalist laboratory. Eye-level long take. Midway through the shot, the robot turns toward the viewer, tilts its head, and raises one arm in a smooth mechanical wave. It is the only robot in the scene; the surroundings are open and calm. It stays standing in place, its feet planted, moving only its head and arm. Photoreal, natural lighting.	1	robot	none
lab_humanoid_robot_solo	pan_left	A sleek white humanoid robot standing in a bright minimalist laboratory. Eye-level long take with a panning sweep from right to left. Midway through the shot, the robot turns toward the viewer, tilts its head, and raises one arm in a smooth mechanical wave. It is the only robot in the scene; the surroundings are open and calm. It stays standing in place, its feet planted, moving only its head and arm. Photoreal, natural lighting.	A sleek white humanoid robot standing in a bright minimalist laboratory. Eye-level long take. Midway through the shot, the robot turns toward the viewer, tilts its head, and raises one arm in a smooth mechanical wave. It is the only robot in the scene; the surroundings are open and calm. It stays standing in place, its feet planted, moving only its head and arm. Photoreal, natural lighting.	1	robot	none
lab_humanoid_robot_solo	pan_right	A sleek white humanoid robot standing in a bright minimalist laboratory. Eye-level long take with a panning sweep from left to right. Midway through the shot, the robot turns toward the viewer, tilts its head, and raises one arm in a smooth mechanical wave. It is the only robot in the scene; the surroundings are open and calm. It stays standing in place, its feet planted, moving only its head and arm. Photoreal, natural lighting.	A sleek white humanoid robot standing in a bright minimalist laboratory. Eye-level long take. Midway through the shot, the robot turns toward the viewer, tilts its head, and raises one arm in a smooth mechanical wave. It is the only robot in the scene; the surroundings are open and calm. It stays standing in place, its feet planted, moving only its head and arm. Photoreal, natural lighting.	1	robot	none
lab_humanoid_robot_solo	dolly	A sleek white humanoid robot standing in a bright minimalist laboratory. Eye-level long take with a forward dolly, advancing through the scene toward the subject. Midway through the shot, the robot turns toward the viewer, tilts its head, and raises one arm in a smooth mechanical wave. It is the only robot in the scene; the surroundings are open and calm. It stays standing in place, its feet planted, moving only its head and arm. Photoreal, natural lighting.	A sleek white humanoid robot standing in a bright minimalist laboratory. Eye-level long take. Midway through the shot, the robot turns toward the viewer, tilts its head, and raises one arm in a smooth mechanical wave. It is the only robot in the scene; the surroundings are open and calm. It stays standing in place, its feet planted, moving only its head and arm. Photoreal, natural lighting.	1	robot	none
lab_humanoid_robot_solo	orbit_left	A sleek white humanoid robot standing in a bright minimalist laboratory. Eye-level long take with a side arc moving to the left around the subject. Midway through the shot, the robot turns toward the viewer, tilts its head, and raises one arm in a smooth mechanical wave. It is the only robot in the scene; the surroundings are open and calm. It stays standing in place, its feet planted, moving only its head and arm. Photoreal, natural lighting.	A sleek white humanoid robot standing in a bright minimalist laboratory. Eye-level long take. Midway through the shot, the robot turns toward the viewer, tilts its head, and raises one arm in a smooth mechanical wave. It is the only robot in the scene; the surroundings are open and calm. It stays standing in place, its feet planted, moving only its head and arm. Photoreal, natural lighting.	1	robot	none
lab_humanoid_robot_solo	orbit_right	A sleek white humanoid robot standing in a bright minimalist laboratory. Eye-level long take with a side arc moving to the right around the subject. Midway through the shot, the robot turns toward the viewer, tilts its head, and raises one arm in a smooth mechanical wave. It is the only robot in the scene; the surroundings are open and calm. It stays standing in place, its feet planted, moving only its head and arm. Photoreal, natural lighting.	A sleek white humanoid robot standing in a bright minimalist laboratory. Eye-level long take. Midway through the shot, the robot turns toward the viewer, tilts its head, and raises one arm in a smooth mechanical wave. It is the only robot in the scene; the surroundings are open and calm. It stays standing in place, its feet planted, moving only its head and arm. Photoreal, natural lighting.	1	robot	none
desert_droid_solo	static	A small domed astromech droid on three legs parked on an open desert plain. Eye-level long take. Midway through the shot, the droid swivels its domed head toward the viewer, beeps, and bobs in a little nod. It is the only robot in the scene; the surroundings are open and calm. It stays parked in place, its legs planted, moving only its dome and head. Photoreal, natural lighting.	A small domed astromech droid on three legs parked on an open desert plain. Eye-level long take. Midway through the shot, the droid swivels its domed head toward the viewer, beeps, and bobs in a little nod. It is the only robot in the scene; the surroundings are open and calm. It stays parked in place, its legs planted, moving only its dome and head. Photoreal, natural lighting.	1	robot	noperson
desert_droid_solo	pan_left	A small domed astromech droid on three legs parked on an open desert plain. Eye-level long take with a panning sweep from right to left. Midway through the shot, the droid swivels its domed head toward the viewer, beeps, and bobs in a little nod. It is the only robot in the scene; the surroundings are open and calm. It stays parked in place, its legs planted, moving only its dome and head. Photoreal, natural lighting.	A small domed astromech droid on three legs parked on an open desert plain. Eye-level long take. Midway through the shot, the droid swivels its domed head toward the viewer, beeps, and bobs in a little nod. It is the only robot in the scene; the surroundings are open and calm. It stays parked in place, its legs planted, moving only its dome and head. Photoreal, natural lighting.	1	robot	noperson
desert_droid_solo	pan_right	A small domed astromech droid on three legs parked on an open desert plain. Eye-level long take with a panning sweep from left to right. Midway through the shot, the droid swivels its domed head toward the viewer, beeps, and bobs in a little nod. It is the only robot in the scene; the surroundings are open and calm. It stays parked in place, its legs planted, moving only its dome and head. Photoreal, natural lighting.	A small domed astromech droid on three legs parked on an open desert plain. Eye-level long take. Midway through the shot, the droid swivels its domed head toward the viewer, beeps, and bobs in a little nod. It is the only robot in the scene; the surroundings are open and calm. It stays parked in place, its legs planted, moving only its dome and head. Photoreal, natural lighting.	1	robot	noperson
desert_droid_solo	dolly	A small domed astromech droid on three legs parked on an open desert plain. Eye-level long take with a forward dolly, advancing through the scene toward the subject. Midway through the shot, the droid swivels its domed head toward the viewer, beeps, and bobs in a little nod. It is the only robot in the scene; the surroundings are open and calm. It stays parked in place, its legs planted, moving only its dome and head. Photoreal, natural lighting.	A small domed astromech droid on three legs parked on an open desert plain. Eye-level long take. Midway through the shot, the droid swivels its domed head toward the viewer, beeps, and bobs in a little nod. It is the only robot in the scene; the surroundings are open and calm. It stays parked in place, its legs planted, moving only its dome and head. Photoreal, natural lighting.	1	robot	noperson
desert_droid_solo	orbit_left	A small domed astromech droid on three legs parked on an open desert plain. Eye-level long take with a side arc moving to the left around the subject. Midway through the shot, the droid swivels its domed head toward the viewer, beeps, and bobs in a little nod. It is the only robot in the scene; the surroundings are open and calm. It stays parked in place, its legs planted, moving only its dome and head. Photoreal, natural lighting.	A small domed astromech droid on three legs parked on an open desert plain. Eye-level long take. Midway through the shot, the droid swivels its domed head toward the viewer, beeps, and bobs in a little nod. It is the only robot in the scene; the surroundings are open and calm. It stays parked in place, its legs planted, moving only its dome and head. Photoreal, natural lighting.	1	robot	noperson
desert_droid_solo	orbit_right	A small domed astromech droid on three legs parked on an open desert plain. Eye-level long take with a side arc moving to the right around the subject. Midway through the shot, the droid swivels its domed head toward the viewer, beeps, and bobs in a little nod. It is the only robot in the scene; the surroundings are open and calm. It stays parked in place, its legs planted, moving only its dome and head. Photoreal, natural lighting.	A small domed astromech droid on three legs parked on an open desert plain. Eye-level long take. Midway through the shot, the droid swivels its domed head toward the viewer, beeps, and bobs in a little nod. It is the only robot in the scene; the surroundings are open and calm. It stays parked in place, its legs planted, moving only its dome and head. Photoreal, natural lighting.	1	robot	noperson
